block,layer,z_minus_GDS_min_A,z_minus_GDS_max_A,waters,translation_20_300cm-1_cross_to_self,translation_20_300cm-1_self_weighted_participation
1,1,0.0,2.0,2,-0.029419424949447066,0.8686055848467404
1,2,2.0,4.0,2,-0.04376649643461569,0.8826981172630175
1,3,4.0,6.0,12,-0.23445099296341862,0.7623225734452231
1,4,6.0,8.0,13,-0.06789270198739752,0.7312821734664509
1,5,8.0,10.0,6,-0.01843940523589871,0.7830492146917231
1,6,10.0,12.0,13,0.022617803403387787,0.760821004892918
1,7,12.0,14.0,10,-0.1755423864321579,0.7571861424608964
1,8,14.0,16.0,12,0.0460491368646567,0.7549026508152561
1,9,16.0,18.0,11,-0.12202601362859504,0.7273836094257397
1,10,18.0,20.0,11,0.06346802983641547,0.7605198399254418
1,11,20.0,22.0,8,-0.02757365811749355,0.7751563055365601
1,12,22.0,24.0,13,0.10865600366054923,0.7293690362116263
1,13,24.0,26.0,9,0.09796128921873495,0.7547271432066154
1,14,26.0,28.0,11,0.052807946940254376,0.7347549700843329
1,15,28.0,30.0,12,-0.05320614637849225,0.7259214146241064
1,16,30.0,32.0,9,-0.053199097714443803,0.8045021455985857
1,17,32.0,34.0,11,0.017927073954614164,0.7903966645732119
1,18,34.0,36.0,9,-0.07203489602576146,0.793718452471859
1,19,36.0,38.0,10,-0.17716761610762122,0.75935717932084
1,20,38.0,40.0,14,-0.1848609666000388,0.7100698547987909
1,21,40.0,42.0,2,0.15231720508809068,0.884937427007503
2,1,0.0,2.0,2,-0.1007425447281215,0.8219205228657087
2,2,2.0,4.0,2,0.008939653614175072,0.8584647899206981
2,3,4.0,6.0,12,-0.11691096106345376,0.749629112385737
2,4,6.0,8.0,13,-0.21786323033749666,0.7355715867023493
2,5,8.0,10.0,6,0.043038632371696806,0.7769370357002807
2,6,10.0,12.0,13,-0.20973919502746166,0.7453597251500489
2,7,12.0,14.0,10,-0.19824451638202548,0.7353970441652753
2,8,14.0,16.0,12,-0.26794402471799705,0.7518746313074882
2,9,16.0,18.0,11,-0.1836294844163134,0.735210703266701
2,10,18.0,20.0,11,-0.2597841738326215,0.724146003114209
2,11,20.0,22.0,8,-0.19861674499998644,0.7757892291044347
2,12,22.0,24.0,13,-0.10017156455038746,0.7370884842271467
2,13,24.0,26.0,9,-0.0808788055415033,0.7559044667962397
2,14,26.0,28.0,11,-0.1191959223527891,0.7680477411682018
2,15,28.0,30.0,12,-0.025807879337225243,0.7405695774857567
2,16,30.0,32.0,9,-0.051846065371905926,0.7451597959967471
2,17,32.0,34.0,11,-0.006307092064357362,0.7927453050144256
2,18,34.0,36.0,9,-0.07188830116957205,0.764558102183948
2,19,36.0,38.0,10,-0.11074823026985664,0.7109398559256793
2,20,38.0,40.0,14,-0.38001489635142754,0.7101071770794906
2,21,40.0,42.0,2,0.127897412074073,0.8722585939888833
3,1,0.0,2.0,2,-0.07317138217854174,0.8279655548787668
3,2,2.0,4.0,2,-0.10390601464850947,0.8639610636763573
3,3,4.0,6.0,12,0.067095949405857,0.6958149931099189
3,4,6.0,8.0,13,-0.16354796090331897,0.7010401707472736
3,5,8.0,10.0,6,-0.06156538850130154,0.7962609516615459
3,6,10.0,12.0,13,-0.09019769100841657,0.7472615748572508
3,7,12.0,14.0,10,-0.22517084464233125,0.7472931019056596
3,8,14.0,16.0,12,-0.1590800303761005,0.7403944882274087
3,9,16.0,18.0,11,-0.07736201371861576,0.7734218227814765
3,10,18.0,20.0,11,0.03212270387227773,0.7578723287670108
3,11,20.0,22.0,8,0.06383947896431201,0.7913188969480411
3,12,22.0,24.0,13,0.068262179071884,0.7416346161819485
3,13,24.0,26.0,9,-0.02384744046641155,0.7323647720653778
3,14,26.0,28.0,11,0.2521893855655223,0.7145808368929109
3,15,28.0,30.0,12,0.0910765568448771,0.7774993850561197
3,16,30.0,32.0,9,0.030286833428185923,0.7726213842688464
3,17,32.0,34.0,11,0.07259042468315083,0.7399944197577122
3,18,34.0,36.0,9,-0.17034743264838895,0.7369689022744086
3,19,36.0,38.0,10,-0.1140691854589677,0.75230395523495
3,20,38.0,40.0,14,-0.3608063193232214,0.7209293014708258
3,21,40.0,42.0,2,-0.022010266803123884,0.8217473895324933
4,1,0.0,2.0,2,-0.054587873052870876,0.8195748247055651
4,2,2.0,4.0,2,0.0753069841968406,0.8604682307350233
4,3,4.0,6.0,12,0.08841618879691704,0.7286297875497765
4,4,6.0,8.0,13,-0.010954594210342795,0.7265077950957372
4,5,8.0,10.0,6,-0.03801573994576532,0.7851475483720043
4,6,10.0,12.0,13,-0.1389901459595055,0.7498029187069017
4,7,12.0,14.0,10,-0.01413274944349641,0.7795078904299849
4,8,14.0,16.0,12,0.05593715290393672,0.778007858351114
4,9,16.0,18.0,11,0.04185822201239924,0.7631114418734236
4,10,18.0,20.0,11,-0.009546710075020304,0.7627862198197389
4,11,20.0,22.0,8,-0.1940824022982549,0.7704980304211165
4,12,22.0,24.0,13,-0.04108310456725171,0.7396888796611005
4,13,24.0,26.0,9,0.03015772841585059,0.7756391924084033
4,14,26.0,28.0,11,-0.06811502629529821,0.74676178500834
4,15,28.0,30.0,12,-0.27059913510585604,0.7308165041642176
4,16,30.0,32.0,9,-0.1511044388578832,0.7745465193552479
4,17,32.0,34.0,11,-0.07560675195666212,0.7829782522036105
4,18,34.0,36.0,9,0.0018683930878718876,0.7579621197985856
4,19,36.0,38.0,10,-0.06053424876880845,0.7328442962685308
4,20,38.0,40.0,14,-0.32756544651130415,0.7121277087268766
4,21,40.0,42.0,2,-0.10452339495191883,0.8847982621098832
5,1,0.0,2.0,2,0.06337661041635335,0.8361405394384752
5,2,2.0,4.0,2,0.06828529692710653,0.8297227609328254
5,3,4.0,6.0,12,-0.08413817587849938,0.6773038635251674
5,4,6.0,8.0,13,0.03326163004871667,0.7352149896683446
5,5,8.0,10.0,6,-0.17440063077974957,0.7856094038855905
5,6,10.0,12.0,13,-0.01602227196394045,0.7788694701101831
5,7,12.0,14.0,10,-0.0889130575942034,0.767246637130881
5,8,14.0,16.0,12,-0.019853445288913668,0.7801091154880284
5,9,16.0,18.0,11,-0.12657694203146183,0.7466906398947678
5,10,18.0,20.0,11,-0.11082001784161323,0.7674881287474455
5,11,20.0,22.0,8,-0.27055334336599235,0.7735814705813292
5,12,22.0,24.0,13,0.14360665498132094,0.7356774366816974
5,13,24.0,26.0,9,-0.02029658125041845,0.7495005008901037
5,14,26.0,28.0,11,-0.07093558295797389,0.7344149971012044
5,15,28.0,30.0,12,0.0658077926853093,0.765362193509866
5,16,30.0,32.0,9,0.02379015153349956,0.7661630719845998
5,17,32.0,34.0,11,-0.1005639933521069,0.7734089194634055
5,18,34.0,36.0,9,-0.015546826818970825,0.760648270062156
5,19,36.0,38.0,10,-0.24956218237653643,0.7704439164894691
5,20,38.0,40.0,14,-0.3287483870321435,0.6870648178224881
5,21,40.0,42.0,2,0.00931427317797374,0.9043045463214638
6,1,0.0,2.0,2,-0.04183424392686804,0.8732186333556954
6,2,2.0,4.0,2,-0.027782332487918088,0.8241817011610402
6,3,4.0,6.0,12,-0.13057841275953092,0.7581185315052598
6,4,6.0,8.0,13,-0.23075935806908218,0.7228564020460798
6,5,8.0,10.0,6,0.02273789552352661,0.78233141331894
6,6,10.0,12.0,13,-0.19624645784579017,0.7689682245122326
6,7,12.0,14.0,10,-0.1954809427256392,0.7773995904383545
6,8,14.0,16.0,12,0.1924836428570699,0.7440205794269596
6,9,16.0,18.0,11,0.17314778933615882,0.7530995669688891
6,10,18.0,20.0,11,0.10269238180326318,0.7390687335252355
6,11,20.0,22.0,8,0.14849485551420677,0.7708906991762857
6,12,22.0,24.0,13,0.04357102738850467,0.7495724269510438
6,13,24.0,26.0,9,0.1344957392822403,0.7644836907821702
6,14,26.0,28.0,11,-0.055944119806552846,0.7740161806240108
6,15,28.0,30.0,12,0.0403105228371422,0.74700744507508
6,16,30.0,32.0,9,0.14546932510446123,0.7561159113621877
6,17,32.0,34.0,11,0.014233820588282728,0.723777976495439
6,18,34.0,36.0,9,0.031132489433466515,0.7698365575317956
6,19,36.0,38.0,10,0.02692418432934217,0.753823424663158
6,20,38.0,40.0,14,-0.07348087722769724,0.7145732193109229
6,21,40.0,42.0,2,0.04504842539540522,0.8411754323471002
7,1,0.0,2.0,2,-0.0947784843230751,0.8318508383279687
7,2,2.0,4.0,2,0.058697104935900565,0.8707263329698378
7,3,4.0,6.0,12,-0.07459806671311642,0.7367057084072482
7,4,6.0,8.0,13,-0.23005559227231898,0.7091954939853338
7,5,8.0,10.0,6,-0.1495768551668762,0.7478037778858613
7,6,10.0,12.0,13,-0.14946643000613488,0.7697388269617625
7,7,12.0,14.0,10,-0.10468758072736933,0.7481841986160687
7,8,14.0,16.0,12,0.031411632441280014,0.7376387063536242
7,9,16.0,18.0,11,-0.056585510334309565,0.7200850304202739
7,10,18.0,20.0,11,-0.19806251125920563,0.7435151305391873
7,11,20.0,22.0,8,0.04046111998211122,0.772750167896564
7,12,22.0,24.0,13,-0.044341656487997434,0.7413022478985963
7,13,24.0,26.0,9,-0.051414520473808525,0.763850751246171
7,14,26.0,28.0,11,-0.10082428623590552,0.7507771680021575
7,15,28.0,30.0,12,-0.25117032563241626,0.7406793385213001
7,16,30.0,32.0,9,-0.10552634996128604,0.7950410173616816
7,17,32.0,34.0,11,0.07942286080808054,0.7585019139347989
7,18,34.0,36.0,9,-0.15376724949719278,0.7772093210899066
7,19,36.0,38.0,10,-0.1810885312237466,0.735518488771834
7,20,38.0,40.0,14,-0.22717103157878552,0.7188234621405686
7,21,40.0,42.0,2,-0.00612655756301877,0.8315846605991595
8,1,0.0,2.0,2,0.17087375082102174,0.8249154770284989
8,2,2.0,4.0,2,0.028477948015272203,0.8930064070465936
8,3,4.0,6.0,12,0.12316520434964001,0.6944158698958359
8,4,6.0,8.0,13,0.02291796924622668,0.7223015820685313
8,5,8.0,10.0,6,-0.1959023367840991,0.790871856467538
8,6,10.0,12.0,13,-0.08266370734761683,0.7391115706341588
8,7,12.0,14.0,10,-0.002810486528370698,0.7669377107045544
8,8,14.0,16.0,12,-0.10502265576936858,0.7403494963645018
8,9,16.0,18.0,11,-0.0921713725419687,0.7731555413041792
8,10,18.0,20.0,11,0.0629029647339054,0.7776996476980144
8,11,20.0,22.0,8,0.18383841165559067,0.7719004095141161
8,12,22.0,24.0,13,-0.003305625169498979,0.7314697003057973
8,13,24.0,26.0,9,-0.21950102331169513,0.7536335843748491
8,14,26.0,28.0,11,-0.22681544703144915,0.7270031028993751
8,15,28.0,30.0,12,-0.20918304407741503,0.7455175861129999
8,16,30.0,32.0,9,-0.0795911134217064,0.7669597515277287
8,17,32.0,34.0,11,0.1530258379719295,0.7472495394533933
8,18,34.0,36.0,9,-0.13522153990203215,0.730096906475277
8,19,36.0,38.0,10,-0.09223970175737589,0.7505470121908085
8,20,38.0,40.0,14,-0.30604357474387917,0.7308057049667664
8,21,40.0,42.0,2,0.11563914413770383,0.9181384798781204
9,1,0.0,2.0,2,-0.007215386009242139,0.7635700560240235
9,2,2.0,4.0,2,0.019798101561896816,0.8771822713571912
9,3,4.0,6.0,12,-0.10993096745096909,0.6629091749929586
9,4,6.0,8.0,13,-0.11664610831623061,0.6825931632346506
9,5,8.0,10.0,6,-0.23083850338027453,0.8144878042317248
9,6,10.0,12.0,13,-0.15322715483000177,0.7291057256483231
9,7,12.0,14.0,10,-0.030954874029380575,0.7718879056138465
9,8,14.0,16.0,12,-0.08579619233286116,0.7369011721782577
9,9,16.0,18.0,11,-0.12497426875054492,0.765676285648202
9,10,18.0,20.0,11,0.03106942595161498,0.7631787796862484
9,11,20.0,22.0,8,0.07234866374225928,0.7529913084044593
9,12,22.0,24.0,13,-0.04558485560267383,0.7510676390050184
9,13,24.0,26.0,9,-0.06881484439148386,0.7592864465160936
9,14,26.0,28.0,11,0.04660694335557364,0.7717534147718704
9,15,28.0,30.0,12,-0.09059473165345586,0.7635968336559029
9,16,30.0,32.0,9,-0.0005828963524345366,0.7787424511439526
9,17,32.0,34.0,11,-0.0070702084513247394,0.7601625235785189
9,18,34.0,36.0,9,0.03602318231562444,0.7741048411252498
9,19,36.0,38.0,10,-0.2326941240650635,0.7851319103152111
9,20,38.0,40.0,14,-0.31261925414387576,0.676399479825654
9,21,40.0,42.0,2,0.06386254466472,0.8532032108918974
10,1,0.0,2.0,2,0.05803270582186056,0.7835220963066507
10,2,2.0,4.0,2,-0.10923010683025072,0.8538944799056121
10,3,4.0,6.0,12,-0.030700413490281374,0.7027551858906298
10,4,6.0,8.0,13,-0.12584234595742183,0.7289287179867682
10,5,8.0,10.0,6,-0.13099574025293162,0.807038383118608
10,6,10.0,12.0,13,-0.08907332716575583,0.7540170065081002
10,7,12.0,14.0,10,0.040367175624498805,0.7684234247124656
10,8,14.0,16.0,12,-0.18162667535402893,0.7325477643804443
10,9,16.0,18.0,11,0.13169245387551407,0.7618961254426334
10,10,18.0,20.0,11,0.11243739784612326,0.7296136472418171
10,11,20.0,22.0,8,0.014599363120021407,0.7542617666310595
10,12,22.0,24.0,13,-0.046466722719533705,0.7134508800073126
10,13,24.0,26.0,9,0.023660943041013054,0.7518859824180435
10,14,26.0,28.0,11,-0.08887243197362873,0.7611378886072064
10,15,28.0,30.0,12,0.04937929408691669,0.7388555742173698
10,16,30.0,32.0,9,-0.031149331241112053,0.762130852988693
10,17,32.0,34.0,11,0.06260473593788304,0.7432307503612653
10,18,34.0,36.0,9,-0.2607748642110954,0.7139279678863877
10,19,36.0,38.0,10,-0.16994998324148772,0.7387338121541537
10,20,38.0,40.0,14,-0.2987638261240084,0.6738685780276729
10,21,40.0,42.0,2,-0.06550660756595217,0.8152439348498103
11,1,0.0,2.0,2,-0.07041285378305237,0.790209504107208
11,2,2.0,4.0,2,0.13049519531731574,0.8509954472582664
11,3,4.0,6.0,12,-0.031339803471422914,0.6797269321171762
11,4,6.0,8.0,13,-0.014729583942497107,0.7210197287514793
11,5,8.0,10.0,6,-0.0427631924937605,0.7713590832737576
11,6,10.0,12.0,13,0.002415152854991842,0.711321891031791
11,7,12.0,14.0,10,-0.0902291401715702,0.7510093536732391
11,8,14.0,16.0,12,-0.10095319338362728,0.7274719784974918
11,9,16.0,18.0,11,0.1382831546928015,0.7966537569547377
11,10,18.0,20.0,11,0.16165613427335793,0.7568730356683593
11,11,20.0,22.0,8,0.00020267241964090624,0.797242539639648
11,12,22.0,24.0,13,-0.25646868842241405,0.7280912669593178
11,13,24.0,26.0,9,-0.021023489606645605,0.7604411194785771
11,14,26.0,28.0,11,-0.026696336308032823,0.7366471665877171
11,15,28.0,30.0,12,0.12197092749978371,0.7498075261465779
11,16,30.0,32.0,9,-0.10867966709848406,0.7485302409159562
11,17,32.0,34.0,11,0.17668280793451605,0.7620783094994683
11,18,34.0,36.0,9,-0.2643349281419963,0.7591144868455696
11,19,36.0,38.0,10,0.31471289283766335,0.7758837078788907
11,20,38.0,40.0,14,-0.03847506011252274,0.7251364977473725
11,21,40.0,42.0,2,-0.03626086950678662,0.8458135031375704
12,1,0.0,2.0,2,-0.011843843179886761,0.8512607430929648
12,2,2.0,4.0,2,-0.15801561147111284,0.9093785216242587
12,3,4.0,6.0,12,-0.11364407026037775,0.7036620560979954
12,4,6.0,8.0,13,-0.14327492862788777,0.6935311181622735
12,5,8.0,10.0,6,-0.16846934663756796,0.7787076162698862
12,6,10.0,12.0,13,-0.040161422228558535,0.6872012803335592
12,7,12.0,14.0,10,0.117392265172846,0.72681223314363
12,8,14.0,16.0,12,-0.163842187697941,0.7307448697208115
12,9,16.0,18.0,11,-0.02862352645947851,0.7296256694889153
12,10,18.0,20.0,11,0.04566746486071082,0.7413952318624555
12,11,20.0,22.0,8,-0.09244153531205096,0.7146718381738808
12,12,22.0,24.0,13,-0.07357238970573973,0.7351707148370521
12,13,24.0,26.0,9,-0.04473212386000185,0.7483099170058479
12,14,26.0,28.0,11,0.07783707132884546,0.7595318671698065
12,15,28.0,30.0,12,-0.1794049190003099,0.7498395826508854
12,16,30.0,32.0,9,0.07954064891742389,0.7306875879898554
12,17,32.0,34.0,11,0.10658045506104669,0.7702783951377133
12,18,34.0,36.0,9,-0.07366947671515801,0.7678513924289835
12,19,36.0,38.0,10,-0.02439252835223562,0.7628849575946871
12,20,38.0,40.0,14,-0.35858359523584626,0.7208259685543091
12,21,40.0,42.0,2,-0.018169707740238652,0.8485991386917119
13,1,0.0,2.0,2,0.007681522250792154,0.7884855891847884
13,2,2.0,4.0,2,-0.07196516002013881,0.8934264144932456
13,3,4.0,6.0,12,0.18792117273342662,0.675106663474647
13,4,6.0,8.0,13,-0.13540805078973037,0.7323155053390877
13,5,8.0,10.0,6,-0.1287198358485466,0.7891212544187817
13,6,10.0,12.0,13,0.00020649201407956685,0.7473200503449746
13,7,12.0,14.0,10,0.03602362903044119,0.7410400296049502
13,8,14.0,16.0,12,0.026725300460284693,0.7456505714183482
13,9,16.0,18.0,11,0.02430731926465591,0.7639523672639638
13,10,18.0,20.0,11,0.0342060685209679,0.7636700605570536
13,11,20.0,22.0,8,0.06421491505219952,0.7741159433461778
13,12,22.0,24.0,13,-0.032598412687582255,0.7582357435376191
13,13,24.0,26.0,9,-0.0007481583448034545,0.7462597350759879
13,14,26.0,28.0,11,0.0619596854987254,0.783845874330778
13,15,28.0,30.0,12,-0.17467683181556118,0.7668456095666546
13,16,30.0,32.0,9,0.09253831476420986,0.7434816065436866
13,17,32.0,34.0,11,-0.21750455839492758,0.7697768102745703
13,18,34.0,36.0,9,0.026877824104691108,0.7401693783472703
13,19,36.0,38.0,10,-0.023585277991347672,0.7527290049141794
13,20,38.0,40.0,14,-0.13139555818817616,0.710245420256336
13,21,40.0,42.0,2,0.017273315674802288,0.8574278127404176
14,1,0.0,2.0,2,0.05347718047663557,0.8114671794007785
14,2,2.0,4.0,2,0.17059494667011244,0.9148220168597498
14,3,4.0,6.0,12,0.08289866643632701,0.7046775226312697
14,4,6.0,8.0,13,-0.06618194365027902,0.7260192263670299
14,5,8.0,10.0,6,-0.10824402529026829,0.7871059457382866
14,6,10.0,12.0,13,-0.20412914490803158,0.7490710456586472
14,7,12.0,14.0,10,-0.16588322748633322,0.7647652789476287
14,8,14.0,16.0,12,-0.08463092040947212,0.7480179806888182
14,9,16.0,18.0,11,-0.1746482650833302,0.739834534961597
14,10,18.0,20.0,11,0.07846059122557103,0.7759830678846664
14,11,20.0,22.0,8,0.10518237889216654,0.7694905457543162
14,12,22.0,24.0,13,-0.11205294365342906,0.7593984011213049
14,13,24.0,26.0,9,-0.06476965256991603,0.7641748815324948
14,14,26.0,28.0,11,-0.2004667266771539,0.7716390821522414
14,15,28.0,30.0,12,-0.0060302592448363695,0.7229701040296908
14,16,30.0,32.0,9,-0.0007194421841332351,0.7605088011856552
14,17,32.0,34.0,11,-0.08439076367242174,0.7545490214877566
14,18,34.0,36.0,9,-0.05200492971507998,0.7775696789020289
14,19,36.0,38.0,10,-0.1707339372143018,0.765480339017858
14,20,38.0,40.0,14,-0.2530458279043417,0.7226125493264615
14,21,40.0,42.0,2,-0.061326534124588876,0.8332108896965108
15,1,0.0,2.0,2,-0.09980637273495672,0.8009020390878164
15,2,2.0,4.0,2,0.011235947622188634,0.89327536914422
15,3,4.0,6.0,12,-0.1911541959854638,0.7247610096887785
15,4,6.0,8.0,13,-0.16925551087213525,0.7268293068054136
15,5,8.0,10.0,6,-0.04995691189609646,0.7702236604688633
15,6,10.0,12.0,13,-0.17277873671984478,0.7477648264702417
15,7,12.0,14.0,10,-0.24805774150324056,0.7659573112105618
15,8,14.0,16.0,12,0.029342488762208692,0.7190391482365667
15,9,16.0,18.0,11,-0.1483399214563126,0.7442530977983367
15,10,18.0,20.0,11,-0.20194790344998778,0.7679298989913341
15,11,20.0,22.0,8,-0.023936145171386897,0.7556225008377965
15,12,22.0,24.0,13,0.052547666815846786,0.7503388019028971
15,13,24.0,26.0,9,-0.28740911609298,0.7702200255644432
15,14,26.0,28.0,11,-0.09226978564458461,0.7646878793360357
15,15,28.0,30.0,12,-0.015157399294149212,0.7742178944329969
15,16,30.0,32.0,9,-0.1034813202616776,0.7692533329294075
15,17,32.0,34.0,11,0.16126302870557435,0.75714966995336
15,18,34.0,36.0,9,0.1347897539906215,0.7796722804897702
15,19,36.0,38.0,10,-0.027283005219270066,0.7735985948882197
15,20,38.0,40.0,14,-0.15401307386936872,0.7502021443551716
15,21,40.0,42.0,2,0.08381494859796894,0.8007104884059568
16,1,0.0,2.0,2,-0.1490294626624564,0.8824219170287371
16,2,2.0,4.0,2,0.02637193089221021,0.9077865997653856
16,3,4.0,6.0,12,-0.20015973775151844,0.7009392168056273
16,4,6.0,8.0,13,0.051911165578304726,0.7122245296936436
16,5,8.0,10.0,6,-0.21175300030776084,0.7834106022888474
16,6,10.0,12.0,13,-0.05897950963457425,0.7509107036827184
16,7,12.0,14.0,10,-0.22545185949406218,0.7759620516644217
16,8,14.0,16.0,12,-0.0937507175636301,0.7611031956007529
16,9,16.0,18.0,11,-0.08254304576492895,0.7776865276659538
16,10,18.0,20.0,11,-0.1001383320412488,0.7927360976998988
16,11,20.0,22.0,8,-0.12246458282145269,0.7618201403545413
16,12,22.0,24.0,13,-0.17380834235127632,0.7273403127842323
16,13,24.0,26.0,9,-0.20380176212710155,0.79044288436342
16,14,26.0,28.0,11,0.02525189593624978,0.7825758165755085
16,15,28.0,30.0,12,-0.1588635601720896,0.7367494238287304
16,16,30.0,32.0,9,0.05286200289703263,0.7766626903792355
16,17,32.0,34.0,11,-0.03301441928397614,0.7543587020584249
16,18,34.0,36.0,9,-0.10913117594145214,0.756857020381171
16,19,36.0,38.0,10,-0.09460736419323061,0.7346402629659687
16,20,38.0,40.0,14,-0.3467206646217668,0.6960348257477016
16,21,40.0,42.0,2,-0.0010303298900240497,0.8101565303602329
17,1,0.0,2.0,2,-0.05761181127462752,0.8713773653560974
17,2,2.0,4.0,2,0.04100510050961735,0.8551196764659207
17,3,4.0,6.0,12,-0.05820464761984833,0.7349073144620619
17,4,6.0,8.0,13,-0.0404775686781353,0.7025529975430997
17,5,8.0,10.0,6,-0.06393311452625115,0.7813022863812973
17,6,10.0,12.0,13,-0.09646369906482195,0.7438416859534919
17,7,12.0,14.0,10,-0.04556750486650676,0.7555076003022806
17,8,14.0,16.0,12,-0.06342544635805562,0.6813253852449134
17,9,16.0,18.0,11,-0.23146838431136957,0.7134880327710698
17,10,18.0,20.0,11,-0.030382196555086984,0.7542553667799422
17,11,20.0,22.0,8,0.040700666048287204,0.7331489033452755
17,12,22.0,24.0,13,-0.130166058853634,0.7411595011266644
17,13,24.0,26.0,9,-0.04626407813733036,0.7661737932587084
17,14,26.0,28.0,11,-0.14601177622861325,0.7841044237650349
17,15,28.0,30.0,12,-0.07632202223589334,0.7525012092719005
17,16,30.0,32.0,9,-0.14813472077224185,0.7680409305190622
17,17,32.0,34.0,11,0.11218343226776052,0.7322442844258948
17,18,34.0,36.0,9,-0.14774236914669958,0.7608910736870682
17,19,36.0,38.0,10,-0.23361145742736167,0.745841475666133
17,20,38.0,40.0,14,-0.29507069150315424,0.7191780778889354
17,21,40.0,42.0,2,-0.13345041581999093,0.854934711613743
18,1,0.0,2.0,2,0.05750372445306683,0.8801440636956626
18,2,2.0,4.0,2,0.050445759504942865,0.8336259878036417
18,3,4.0,6.0,12,-0.03445608542103318,0.7034550858847111
18,4,6.0,8.0,13,0.018853814706712706,0.7192814255636737
18,5,8.0,10.0,6,-0.16653701315070804,0.8023603687575114
18,6,10.0,12.0,13,-0.06690094676827113,0.7510824780775208
18,7,12.0,14.0,10,-0.05577950252211634,0.7404365815489212
18,8,14.0,16.0,12,-0.07240329823830392,0.7279790059296272
18,9,16.0,18.0,11,0.04961832520823632,0.778094716328551
18,10,18.0,20.0,11,0.16871166103881613,0.7613063475920916
18,11,20.0,22.0,8,-0.01744518371152917,0.7709930837989667
18,12,22.0,24.0,13,-0.25035019023925115,0.76883685463774
18,13,24.0,26.0,9,0.0151012031940444,0.755720214140248
18,14,26.0,28.0,11,0.0614807400848355,0.757181720175209
18,15,28.0,30.0,12,-0.06284911982837059,0.7161391766296696
18,16,30.0,32.0,9,0.01411560578928019,0.7983791395945045
18,17,32.0,34.0,11,-0.14166353495585735,0.7489435696540071
18,18,34.0,36.0,9,-0.04317677322626559,0.7429832395789902
18,19,36.0,38.0,10,-0.15926612209187097,0.7894027397122857
18,20,38.0,40.0,14,-0.2787559289830533,0.6927465875208593
18,21,40.0,42.0,2,-0.11822990117633352,0.8613523044304502
19,1,0.0,2.0,2,0.015379196687979425,0.8001778841182061
19,2,2.0,4.0,2,0.06856267490089858,0.8104417854765233
19,3,4.0,6.0,12,-0.009708826676549258,0.7003837110048126
19,4,6.0,8.0,13,-0.13561588290956797,0.7145177821729776
19,5,8.0,10.0,6,-0.03634639884205781,0.7594848113975903
19,6,10.0,12.0,13,-0.1465466514223542,0.7494497288550528
19,7,12.0,14.0,10,-0.11788488972050426,0.759473805960535
19,8,14.0,16.0,12,-0.15041707312114266,0.7118389513722273
19,9,16.0,18.0,11,0.3012682880416287,0.7683256922373536
19,10,18.0,20.0,11,-0.10460072601923963,0.7652802105932165
19,11,20.0,22.0,8,0.11135524064958592,0.740016015561743
19,12,22.0,24.0,13,0.03813401170105875,0.7230865270414765
19,13,24.0,26.0,9,-0.08819226480940441,0.742322024065088
19,14,26.0,28.0,11,0.1561310355070118,0.7620825216922886
19,15,28.0,30.0,12,-0.15488229280247345,0.7304609898263247
19,16,30.0,32.0,9,-0.2529532348383871,0.7549525571029531
19,17,32.0,34.0,11,-0.17133054533535297,0.7484397247066947
19,18,34.0,36.0,9,-0.2646352121853149,0.7471508521399074
19,19,36.0,38.0,10,-0.16074777063792142,0.7476190360936265
19,20,38.0,40.0,14,-0.33552839924018313,0.7340524633827916
19,21,40.0,42.0,2,-0.0043386701308965525,0.8167724061338777
20,1,0.0,2.0,2,0.028659565395140404,0.8490725469347224
20,2,2.0,4.0,2,0.11948616189023985,0.8451842259281754
20,3,4.0,6.0,12,-0.09945675117570883,0.7481742996767542
20,4,6.0,8.0,13,-0.0017013284066266774,0.7057183036578467
20,5,8.0,10.0,6,0.08646371494014364,0.7823781607331101
20,6,10.0,12.0,13,-0.05705953906319058,0.7534964457271933
20,7,12.0,14.0,10,0.014150401758658365,0.7505999551992818
20,8,14.0,16.0,12,0.10286447307787482,0.7372903982985582
20,9,16.0,18.0,11,-0.10839898026327986,0.7634114528562642
20,10,18.0,20.0,11,0.0989058048285596,0.694449558314145
20,11,20.0,22.0,8,-0.023387147654738403,0.7766307980456226
20,12,22.0,24.0,13,-0.1632124753741394,0.7198506749588941
20,13,24.0,26.0,9,-0.12718299068517683,0.7364390826262928
20,14,26.0,28.0,11,0.08005858971259378,0.7838110168617015
20,15,28.0,30.0,12,-0.12658173820910232,0.7266206962096146
20,16,30.0,32.0,9,-0.1721010062539476,0.7462937648810858
20,17,32.0,34.0,11,-0.022461986935412515,0.7359302951387434
20,18,34.0,36.0,9,-0.24350857346570212,0.7433399980201769
20,19,36.0,38.0,10,-0.18344292164823964,0.7775389483504487
20,20,38.0,40.0,14,-0.10147329787277218,0.695240563968862
20,21,40.0,42.0,2,0.053982478779492145,0.826767118764482
21,1,0.0,2.0,2,0.007198038558611129,0.8245763048690793
21,2,2.0,4.0,2,-0.06625859481544848,0.8146459678318337
21,3,4.0,6.0,12,0.18303347735450595,0.7089597925948059
21,4,6.0,8.0,13,0.047402066857499175,0.7268034453876564
21,5,8.0,10.0,6,0.030692890694881018,0.8017294644386915
21,6,10.0,12.0,13,-0.060255672353197044,0.7340949128920925
21,7,12.0,14.0,10,0.018186921674521343,0.7505948445668325
21,8,14.0,16.0,12,-0.04501927075700298,0.7393350775971073
21,9,16.0,18.0,11,-0.1261078739187005,0.7488730675803
21,10,18.0,20.0,11,-0.1011890517793164,0.7597017102990213
21,11,20.0,22.0,8,0.027588509588807767,0.7431080565783742
21,12,22.0,24.0,13,-0.24471103489005092,0.7273674274069803
21,13,24.0,26.0,9,-0.0575451617320711,0.7364416681013843
21,14,26.0,28.0,11,-0.1811516711824843,0.7637798971390546
21,15,28.0,30.0,12,-0.255239785863528,0.7638802166189351
21,16,30.0,32.0,9,-0.11126588313760497,0.7409248471559909
21,17,32.0,34.0,11,-0.042997356417716806,0.7091835530458824
21,18,34.0,36.0,9,0.08576255193265406,0.7203728845743732
21,19,36.0,38.0,10,-0.04878745831421699,0.7479840773980536
21,20,38.0,40.0,14,-0.18810954146009473,0.6924161689482325
21,21,40.0,42.0,2,0.0479509975810748,0.8212455651065688
22,1,0.0,2.0,2,0.1329722182576087,0.8536710325600014
22,2,2.0,4.0,2,-0.051551307732377774,0.8467051382849471
22,3,4.0,6.0,12,-0.09403550703210573,0.7479612545940404
22,4,6.0,8.0,13,0.009445457563260685,0.7121339364950352
22,5,8.0,10.0,6,0.06199628962676347,0.7845502362492455
22,6,10.0,12.0,13,-0.0738895545167642,0.760839343146124
22,7,12.0,14.0,10,-0.054288793268906975,0.7520353989431482
22,8,14.0,16.0,12,-0.03911945350745904,0.7055675887439433
22,9,16.0,18.0,11,0.10136363743772986,0.7434514917704645
22,10,18.0,20.0,11,-0.09385561444321458,0.7238143908470278
22,11,20.0,22.0,8,-0.0071407362276812245,0.7643383994859761
22,12,22.0,24.0,13,0.12755340274922347,0.7620314999506159
22,13,24.0,26.0,9,-0.0029881386954120404,0.7703281097658035
22,14,26.0,28.0,11,-0.14011930912196524,0.7508388927282071
22,15,28.0,30.0,12,0.04488151480691443,0.7361679839096178
22,16,30.0,32.0,9,0.032531839218686964,0.7058466644863121
22,17,32.0,34.0,11,0.09682278274459792,0.7544656999622005
22,18,34.0,36.0,9,-0.15006344760693505,0.7207302476213299
22,19,36.0,38.0,10,0.05482943197203525,0.7445941541254282
22,20,38.0,40.0,14,0.11879107995830748,0.6748773745395797
22,21,40.0,42.0,2,-0.17657643986650312,0.8311906993043516
23,1,0.0,2.0,2,0.04098090303855887,0.8410288156077439
23,2,2.0,4.0,2,0.014267580219222316,0.8287607983388217
23,3,4.0,6.0,12,-0.01288359685849097,0.6957446292076347
23,4,6.0,8.0,13,-0.2363969748925436,0.7062727520717865
23,5,8.0,10.0,6,-0.15284600044943367,0.7792608534221735
23,6,10.0,12.0,13,0.008188305564690228,0.7721191076320845
23,7,12.0,14.0,10,-0.11585076429618396,0.7504184319883828
23,8,14.0,16.0,12,0.03817225991555963,0.7322131036039061
23,9,16.0,18.0,11,0.05738046837008627,0.7373531230688548
23,10,18.0,20.0,11,0.0002238134407782902,0.7614271479005468
23,11,20.0,22.0,8,-0.09405007669616745,0.7630500375228396
23,12,22.0,24.0,13,-0.013648955663292887,0.6994330378453102
23,13,24.0,26.0,9,-0.07409936473255456,0.7252826305752469
23,14,26.0,28.0,11,-0.04659742901555288,0.7480835150723724
23,15,28.0,30.0,12,-0.03995744389033221,0.7547925191289125
23,16,30.0,32.0,9,0.0011401126900010597,0.7201668861629404
23,17,32.0,34.0,11,-0.00693658750988869,0.7579196850493132
23,18,34.0,36.0,9,0.07523510791958159,0.7457269035795372
23,19,36.0,38.0,10,-0.17422639437233778,0.7593828459369089
23,20,38.0,40.0,14,-0.13357860226378332,0.671503165326764
23,21,40.0,42.0,2,0.05073559484971837,0.7623267962534385
24,1,0.0,2.0,2,-0.016399029146193348,0.8475173141724646
24,2,2.0,4.0,2,-0.029851375725593498,0.7297148864587335
24,3,4.0,6.0,12,-0.011540280356560692,0.7201740339785033
24,4,6.0,8.0,13,-0.00501562993255462,0.7088544683476764
24,5,8.0,10.0,6,0.11528702209838983,0.7424040693165764
24,6,10.0,12.0,13,0.05234189447082108,0.752944171417255
24,7,12.0,14.0,10,-0.21286736951557186,0.7245286095664554
24,8,14.0,16.0,12,0.014583870237971095,0.7441589487533129
24,9,16.0,18.0,11,0.07940778753548065,0.7719651120266982
24,10,18.0,20.0,11,0.021195225118317534,0.7596147832774303
24,11,20.0,22.0,8,0.07959530563866195,0.7633980172204207
24,12,22.0,24.0,13,-0.15612200268087362,0.7198376383182881
24,13,24.0,26.0,9,-0.03605125614489321,0.7553251991057413
24,14,26.0,28.0,11,0.08220574049502277,0.7713779270865395
24,15,28.0,30.0,12,-0.06503580388785171,0.7273286327257298
24,16,30.0,32.0,9,-0.18424479368022867,0.7735424280840885
24,17,32.0,34.0,11,0.03925784787558201,0.7892472999187918
24,18,34.0,36.0,9,-0.02312163146765237,0.7448331744194278
24,19,36.0,38.0,10,-0.23685982885153678,0.7261334657990924
24,20,38.0,40.0,14,-0.16643644521231185,0.6629541989928943
24,21,40.0,42.0,2,0.063124395050987,0.8512383226535726
25,1,0.0,2.0,2,0.005610765625807031,0.8444965173320564
25,2,2.0,4.0,2,0.0030825219704086887,0.7922940020246205
25,3,4.0,6.0,12,-0.12458217533705089,0.7085466090085653
25,4,6.0,8.0,13,-0.25921736764440817,0.7724642978396639
25,5,8.0,10.0,6,-0.2853338074719557,0.80407880934589
25,6,10.0,12.0,13,-0.09960270444477864,0.7437187835981368
25,7,12.0,14.0,10,0.01790837143080084,0.7563402751402608
25,8,14.0,16.0,12,0.04685350012056149,0.7524471911896574
25,9,16.0,18.0,11,0.01393689478192229,0.7584610761144469
25,10,18.0,20.0,11,0.2469879899020194,0.7557046786270738
25,11,20.0,22.0,8,0.22908042197108175,0.7709505195426074
25,12,22.0,24.0,13,-0.0208772635255857,0.7348707275752888
25,13,24.0,26.0,9,-0.2445265765001736,0.777125445929281
25,14,26.0,28.0,11,-0.24188772722848773,0.7586839299162178
25,15,28.0,30.0,12,0.0589028424264198,0.7213357339457761
25,16,30.0,32.0,9,-0.09520692652097107,0.7592970755385468
25,17,32.0,34.0,11,-0.04999130623030461,0.7472033855170739
25,18,34.0,36.0,9,-0.1879302701839707,0.7807010971801401
25,19,36.0,38.0,10,0.02962384959140944,0.7532361235037318
25,20,38.0,40.0,14,-0.28581505341470265,0.6657255665877644
25,21,40.0,42.0,2,-0.000545842539714243,0.8195249147036563
26,1,0.0,2.0,2,-0.07892538786654436,0.88085606042583
26,2,2.0,4.0,2,0.09642335341326219,0.8639644399161105
26,3,4.0,6.0,12,0.2482320370889524,0.7287598291163504
26,4,6.0,8.0,13,0.0032700327241939444,0.7386020449501141
26,5,8.0,10.0,6,-0.038672647749514864,0.771703026938484
26,6,10.0,12.0,13,-0.03266367626699001,0.7517137619308418
26,7,12.0,14.0,10,0.2279754860835226,0.7510915671612741
26,8,14.0,16.0,12,0.08789059388625926,0.7570252719204754
26,9,16.0,18.0,11,0.27554680925120634,0.763086252481385
26,10,18.0,20.0,11,-0.1263504078141677,0.7584203975418742
26,11,20.0,22.0,8,-0.06805959936281852,0.7747603442790455
26,12,22.0,24.0,13,0.024244788911437713,0.7262479202096062
26,13,24.0,26.0,9,-0.04514296228124226,0.7903672061980597
26,14,26.0,28.0,11,-0.07184038919260377,0.784155548817965
26,15,28.0,30.0,12,0.029726857351702326,0.7750914179448019
26,16,30.0,32.0,9,-0.05846360650605282,0.7557291802684454
26,17,32.0,34.0,11,-0.10741201861896134,0.7581244508960265
26,18,34.0,36.0,9,-0.13897316702585724,0.764790428228218
26,19,36.0,38.0,10,-0.2281739208725565,0.7218203099131801
26,20,38.0,40.0,14,-0.32922185211869204,0.6776948615117913
26,21,40.0,42.0,2,0.0024792686179501517,0.7715313806894193
27,1,0.0,2.0,2,0.09779922646476612,0.8485237604121149
27,2,2.0,4.0,2,-0.04049333401756565,0.8302149374764978
27,3,4.0,6.0,12,-0.05805690880146976,0.7167943193173609
27,4,6.0,8.0,13,-0.16526950374908916,0.7633922927237481
27,5,8.0,10.0,6,-0.09201417708769573,0.8036228725079121
27,6,10.0,12.0,13,-0.22115736232189617,0.7505851747044535
27,7,12.0,14.0,10,-0.18040062016311145,0.7394221654293909
27,8,14.0,16.0,12,-0.12254646105005587,0.7605862987562356
27,9,16.0,18.0,11,-0.07733783476168335,0.7868394338642465
27,10,18.0,20.0,11,-0.10037740927466206,0.748714526429195
27,11,20.0,22.0,8,-0.0980472610265813,0.7752532344667162
27,12,22.0,24.0,13,-0.14763323465597636,0.7381734816182265
27,13,24.0,26.0,9,-0.03778981870640387,0.7731025648074514
27,14,26.0,28.0,11,-0.11083656120587383,0.7565006864833812
27,15,28.0,30.0,12,-0.07514723399360829,0.7132037267475712
27,16,30.0,32.0,9,-0.03290110237739793,0.7367837561855047
27,17,32.0,34.0,11,0.029674846456909813,0.7432320688892335
27,18,34.0,36.0,9,-0.07943805413370802,0.7644776514620445
27,19,36.0,38.0,10,0.018908747872568056,0.7493300179404477
27,20,38.0,40.0,14,-0.34503980032795983,0.6825661275412681
27,21,40.0,42.0,2,-0.06479989340977507,0.8666123707202035
28,1,0.0,2.0,2,-0.03660693926036038,0.8159134758341631
28,2,2.0,4.0,2,0.1868070797912242,0.8518180055532424
28,3,4.0,6.0,12,0.06262049106787013,0.7348128749997631
28,4,6.0,8.0,13,0.050887768670484994,0.7563355507963934
28,5,8.0,10.0,6,-0.06862841634095296,0.7727291102562954
28,6,10.0,12.0,13,-0.015481816838560652,0.7279030389369258
28,7,12.0,14.0,10,-0.088082808957371,0.7989883637440386
28,8,14.0,16.0,12,-0.14987839163856984,0.7981396943727443
28,9,16.0,18.0,11,-0.12020081045418758,0.7639578993025572
28,10,18.0,20.0,11,-0.12667658979922397,0.7512202676397962
28,11,20.0,22.0,8,-0.0881260570289945,0.7439572182570687
28,12,22.0,24.0,13,-0.20684205426660673,0.7405423446453019
28,13,24.0,26.0,9,-0.07464679749830022,0.7323845198301759
28,14,26.0,28.0,11,0.006997582899466085,0.7766654083916156
28,15,28.0,30.0,12,0.027283569082404348,0.7500885417436044
28,16,30.0,32.0,9,-0.2043268218089504,0.7516639183793299
28,17,32.0,34.0,11,0.2404529467739497,0.7404507138364419
28,18,34.0,36.0,9,0.07450300785708411,0.7330881689021715
28,19,36.0,38.0,10,-0.2486771524194317,0.7398261877901149
28,20,38.0,40.0,14,-0.21685963594912047,0.6381556605113021
28,21,40.0,42.0,2,0.029950652429360913,0.8507000412643638
29,1,0.0,2.0,2,-0.05023645452660276,0.8668064984833898
29,2,2.0,4.0,2,0.029406863777447088,0.9012207937692651
29,3,4.0,6.0,12,0.03155951548403181,0.6796379232042488
29,4,6.0,8.0,13,-0.05960687196243522,0.7244693752822895
29,5,8.0,10.0,6,-0.22633132795547123,0.7769273777291352
29,6,10.0,12.0,13,0.23829958605558751,0.7555284651985316
29,7,12.0,14.0,10,-0.19681857005898845,0.7860782795765232
29,8,14.0,16.0,12,0.03925302981910382,0.7483225506331695
29,9,16.0,18.0,11,0.2240797390864658,0.7476528594116719
29,10,18.0,20.0,11,0.09253693582436241,0.7742033720270354
29,11,20.0,22.0,8,0.15687870474661986,0.7903472308696748
29,12,22.0,24.0,13,0.06519116362825012,0.732125377953655
29,13,24.0,26.0,9,-0.11599174003592677,0.7439518024115341
29,14,26.0,28.0,11,-0.010007232782552767,0.7513319365832326
29,15,28.0,30.0,12,-0.1654660063809779,0.7273573393838932
29,16,30.0,32.0,9,-0.03189852914952498,0.742042210105246
29,17,32.0,34.0,11,-0.10971388836951591,0.7969534333655233
29,18,34.0,36.0,9,-0.19510481429259224,0.7536325708785055
29,19,36.0,38.0,10,-0.08331959224454316,0.7484184065245546
29,20,38.0,40.0,14,-0.30340645502267677,0.6750839297132248
29,21,40.0,42.0,2,-0.04236638269570412,0.8330813345638429
30,1,0.0,2.0,2,0.002689185088914496,0.856362864319594
30,2,2.0,4.0,2,0.11685259336723346,0.8684687760548899
30,3,4.0,6.0,12,-0.09472995635475907,0.729127591345965
30,4,6.0,8.0,13,-0.18219745196226125,0.7366799388009081
30,5,8.0,10.0,6,-0.0302138224265334,0.7761670427266943
30,6,10.0,12.0,13,-0.07246640045103041,0.738782516391301
30,7,12.0,14.0,10,-0.0331429594281116,0.7554632036871054
30,8,14.0,16.0,12,-0.15108198728368727,0.7372107049036605
30,9,16.0,18.0,11,-0.09402876307591573,0.7758418904066371
30,10,18.0,20.0,11,-0.056374671507190596,0.756358593544067
30,11,20.0,22.0,8,-0.08020155366092627,0.7849693497284875
30,12,22.0,24.0,13,0.026112784332806293,0.704663941733061
30,13,24.0,26.0,9,-0.02641779076719321,0.7493321029371682
30,14,26.0,28.0,11,-0.15716801072896927,0.7587884798011875
30,15,28.0,30.0,12,-0.19007309449999227,0.7509954573843725
30,16,30.0,32.0,9,-0.2149640714051605,0.7594296236377578
30,17,32.0,34.0,11,-0.1438928519082368,0.7651842090991515
30,18,34.0,36.0,9,-0.08487978629345116,0.7685602525812169
30,19,36.0,38.0,10,-0.04355258779809766,0.7602862951921604
30,20,38.0,40.0,14,-0.26742646354451566,0.7005663665328672
30,21,40.0,42.0,2,-0.08654462190070089,0.8956372520540933
31,1,0.0,2.0,2,-0.008788701202156086,0.8736724132963692
31,2,2.0,4.0,2,-0.0227952668976099,0.8515341029461568
31,3,4.0,6.0,12,0.14082854780757098,0.7264354847333144
31,4,6.0,8.0,13,-0.06185723880335356,0.752587125635723
31,5,8.0,10.0,6,0.15068494759994325,0.7787299512410528
31,6,10.0,12.0,13,-0.13808499356359832,0.7371072556599302
31,7,12.0,14.0,10,0.01153332856111512,0.7508962982676688
31,8,14.0,16.0,12,0.14537746839455035,0.7308272760994874
31,9,16.0,18.0,11,0.5009023400796057,0.7605982125098879
31,10,18.0,20.0,11,0.22340484406671937,0.7696868641757757
31,11,20.0,22.0,8,0.18297482741579477,0.7626657466409635
31,12,22.0,24.0,13,0.219220885280883,0.7162500410179139
31,13,24.0,26.0,9,-0.004457108542644379,0.7263736786069799
31,14,26.0,28.0,11,0.0790758186141164,0.7550245078212804
31,15,28.0,30.0,12,0.15620583570516722,0.7433484445420208
31,16,30.0,32.0,9,0.049495664528460825,0.723491889905732
31,17,32.0,34.0,11,0.13723046199156047,0.7423241282570189
31,18,34.0,36.0,9,-0.019573099909423082,0.7553000250046071
31,19,36.0,38.0,10,-0.05568661216458652,0.7655816445020909
31,20,38.0,40.0,14,-0.19283936977132332,0.7215454020443274
31,21,40.0,42.0,2,-0.14400385211521147,0.8336972874177161
32,1,0.0,2.0,2,-0.0498634717861907,0.8084416960671947
32,2,2.0,4.0,2,0.02383856940466565,0.810487074445472
32,3,4.0,6.0,12,-0.3866840333201927,0.7407216581584624
32,4,6.0,8.0,13,0.00578139823501551,0.7330301665699304
32,5,8.0,10.0,6,-0.149776813542007,0.7773557653816107
32,6,10.0,12.0,13,-0.12638744840289062,0.7724172659779275
32,7,12.0,14.0,10,-0.17565597641323324,0.7782470126934753
32,8,14.0,16.0,12,0.06197826733264578,0.7692396849143648
32,9,16.0,18.0,11,0.025064948773591743,0.7731356895267564
32,10,18.0,20.0,11,-0.05206716688486107,0.7655076973935789
32,11,20.0,22.0,8,-0.029378245486856885,0.7840938470709893
32,12,22.0,24.0,13,-0.1828591189617699,0.7286590939872758
32,13,24.0,26.0,9,-0.21556359765064934,0.7787856890341102
32,14,26.0,28.0,11,-0.029890182099878683,0.7373187016821222
32,15,28.0,30.0,12,-0.10519754480929636,0.7439326445155668
32,16,30.0,32.0,9,-0.18070328282724968,0.7460137806569446
32,17,32.0,34.0,11,-0.21102385394186907,0.7170689617904701
32,18,34.0,36.0,9,-0.09272023817364579,0.7468244057453794
32,19,36.0,38.0,10,-0.12805388435469608,0.750053443915019
32,20,38.0,40.0,14,-0.24742426940090864,0.7153628598286094
32,21,40.0,42.0,2,-0.07384214718091067,0.8872969438268392
33,1,0.0,2.0,2,-0.006597193124652044,0.857796983542773
33,2,2.0,4.0,2,-0.15276734227892164,0.8923076915229676
33,3,4.0,6.0,12,-0.045670715130724106,0.7360249026419532
33,4,6.0,8.0,13,-0.05983228667627275,0.7078266248666831
33,5,8.0,10.0,6,0.040325363286597006,0.771922033136266
33,6,10.0,12.0,13,-0.2841898836116695,0.76066109199993
33,7,12.0,14.0,10,-0.05954324878173975,0.7630951843583218
33,8,14.0,16.0,12,-0.0925097438190614,0.745725954566368
33,9,16.0,18.0,11,-0.009125226365071962,0.7566213908015224
33,10,18.0,20.0,11,-0.1556340166945089,0.7084558433666223
33,11,20.0,22.0,8,0.10880913467220049,0.755291967252573
33,12,22.0,24.0,13,-0.028242534326266566,0.7444969476284269
33,13,24.0,26.0,9,-0.08222974151989677,0.7711311548370976
33,14,26.0,28.0,11,-0.18465547028805884,0.7456550531896147
33,15,28.0,30.0,12,-0.09557457510764936,0.7608787863506511
33,16,30.0,32.0,9,-0.00811762681061292,0.6976970240802185
33,17,32.0,34.0,11,-0.20238995902966994,0.7763701057776501
33,18,34.0,36.0,9,-0.1133227344320921,0.7277393610960005
33,19,36.0,38.0,10,-0.11222328447178861,0.7244345025242286
33,20,38.0,40.0,14,-0.4068966810011026,0.6950116134044958
33,21,40.0,42.0,2,0.2197255258317699,0.8937841534335289
34,1,0.0,2.0,2,-0.11945736694176418,0.8802855432138936
34,2,2.0,4.0,2,0.03610075294953724,0.8780215568544213
34,3,4.0,6.0,12,0.0018107964456646696,0.7120260982580907
34,4,6.0,8.0,13,-0.002105617506721539,0.7210118164509756
34,5,8.0,10.0,6,0.18418812134770116,0.7754958553413049
34,6,10.0,12.0,13,0.09715797946229689,0.7344920825397487
34,7,12.0,14.0,10,-0.19518435522404345,0.7449696012027376
34,8,14.0,16.0,12,-0.07365196597700752,0.74018335644888
34,9,16.0,18.0,11,-0.031467594777201784,0.7704361593515888
34,10,18.0,20.0,11,-0.11716282766185566,0.7671034699952867
34,11,20.0,22.0,8,0.07917701366924594,0.802879926824609
34,12,22.0,24.0,13,0.15690632461200546,0.7536502363783618
34,13,24.0,26.0,9,0.0016277188197003863,0.778990927859482
34,14,26.0,28.0,11,-0.0011712227957910062,0.7554522585013012
34,15,28.0,30.0,12,-0.07786949386138453,0.751825580768213
34,16,30.0,32.0,9,-0.17444458394438112,0.7334791498164596
34,17,32.0,34.0,11,-0.09234584831052978,0.7582517546118627
34,18,34.0,36.0,9,-0.14887287058904175,0.7772435604209715
34,19,36.0,38.0,10,-0.09583711922701621,0.7438080002274066
34,20,38.0,40.0,14,-0.22383486021009613,0.7026260599482358
34,21,40.0,42.0,2,0.1361479703462043,0.8914231268001869
35,1,0.0,2.0,2,-0.012175491657887729,0.8339410609419672
35,2,2.0,4.0,2,-0.028406522105141583,0.8616029233059442
35,3,4.0,6.0,12,-0.09893615361715316,0.708118115770652
35,4,6.0,8.0,13,-0.12626481986647303,0.7273629831940954
35,5,8.0,10.0,6,-0.1409120373650179,0.7841610307232313
35,6,10.0,12.0,13,-0.05585274138454248,0.7509020338691968
35,7,12.0,14.0,10,-0.08790312706891523,0.7470754537396103
35,8,14.0,16.0,12,-0.044204845448737436,0.7217541099616623
35,9,16.0,18.0,11,0.16834884319341553,0.7432099536428809
35,10,18.0,20.0,11,-0.06479780626831788,0.7420539303101648
35,11,20.0,22.0,8,-0.040241973528217234,0.7474426304023949
35,12,22.0,24.0,13,-0.1699843838186221,0.713047473929805
35,13,24.0,26.0,9,0.09555707999476411,0.7732361517602612
35,14,26.0,28.0,11,-0.08208972835501707,0.7798741897426655
35,15,28.0,30.0,12,-0.013095021358545227,0.7615997017544779
35,16,30.0,32.0,9,0.04414694939780653,0.7678117579626645
35,17,32.0,34.0,11,-0.23059282525762886,0.7217221751739036
35,18,34.0,36.0,9,-0.18161230770231385,0.7806361305887072
35,19,36.0,38.0,10,-0.14594085514792604,0.7304930298861968
35,20,38.0,40.0,14,-0.19877342499573136,0.7035356768516943
35,21,40.0,42.0,2,0.052225484926037596,0.9249135923911145
36,1,0.0,2.0,2,-0.056557557295258715,0.7878855817875656
36,2,2.0,4.0,2,-0.029358966409673184,0.8709571097854819
36,3,4.0,6.0,12,-0.007579419818396968,0.7314778305746357
36,4,6.0,8.0,13,-0.27346543479851804,0.7071065992984061
36,5,8.0,10.0,6,-0.2450167563598012,0.7571358398456444
36,6,10.0,12.0,13,-0.13255017486181586,0.7285531845296674
36,7,12.0,14.0,10,-0.03910013042476777,0.7520059072835801
36,8,14.0,16.0,12,-0.25183689824183736,0.7045129217081048
36,9,16.0,18.0,11,-0.26924827530931206,0.7476420092730818
36,10,18.0,20.0,11,-0.09466854557027998,0.7390039973408965
36,11,20.0,22.0,8,-0.0061135532207006295,0.7792677411136139
36,12,22.0,24.0,13,-0.11691170766798675,0.7382416923878513
36,13,24.0,26.0,9,-0.056891238501571684,0.7649807448015787
36,14,26.0,28.0,11,0.15928293555631715,0.7745231233879557
36,15,28.0,30.0,12,-0.19243462586770288,0.7514761568238366
36,16,30.0,32.0,9,-0.17020986973130173,0.7556817558339841
36,17,32.0,34.0,11,-0.1039615064809639,0.7361368118296703
36,18,34.0,36.0,9,-0.059597101298974275,0.7403995460587158
36,19,36.0,38.0,10,-0.2628609618549896,0.7649155877022968
36,20,38.0,40.0,14,-0.3764022722004786,0.7174018491204536
36,21,40.0,42.0,2,0.0016656633252924626,0.9198925639219488
37,1,0.0,2.0,2,-0.08626562679108367,0.7949972178931424
37,2,2.0,4.0,2,-0.04042384857565687,0.8375783960218229
37,3,4.0,6.0,12,-0.11413815392479172,0.7191720671861096
37,4,6.0,8.0,13,-0.17379110109529525,0.7360183093499589
37,5,8.0,10.0,6,-0.02645574404451494,0.7625955157103043
37,6,10.0,12.0,13,-0.2778928915071216,0.7285177536569488
37,7,12.0,14.0,10,-0.08683138276810773,0.7321857835258856
37,8,14.0,16.0,12,-0.2381163880554785,0.7474917123563112
37,9,16.0,18.0,11,-0.20695757083160476,0.7723034651309217
37,10,18.0,20.0,11,-0.0845501974755531,0.7593028124327005
37,11,20.0,22.0,8,-0.035731700559089086,0.7915625253647656
37,12,22.0,24.0,13,-0.20945084199112327,0.7330162904418085
37,13,24.0,26.0,9,-0.043173792005798475,0.775763849433818
37,14,26.0,28.0,11,-0.01643023562254023,0.7716111212756886
37,15,28.0,30.0,12,-0.1329951196019751,0.7579105255658264
37,16,30.0,32.0,9,-0.198451475220244,0.7604269021965447
37,17,32.0,34.0,11,0.11139934191356562,0.7509306154848577
37,18,34.0,36.0,9,-0.17928899591781755,0.7692612231977308
37,19,36.0,38.0,10,-0.07317131174947565,0.7308994456418897
37,20,38.0,40.0,14,-0.1455084362413513,0.6717965031258075
37,21,40.0,42.0,2,0.0037214643639809785,0.9067515016227032
38,1,0.0,2.0,2,-0.0636471893125973,0.90047848241734
38,2,2.0,4.0,2,0.07719973942099578,0.8521811845955387
38,3,4.0,6.0,12,0.12795271223330754,0.7502756745551229
38,4,6.0,8.0,13,-0.2059066077313602,0.7453352716717414
38,5,8.0,10.0,6,-0.0010505250810255342,0.765056783880969
38,6,10.0,12.0,13,-0.06276774725952534,0.722569994625709
38,7,12.0,14.0,10,-0.18873166852391798,0.7715445224732166
38,8,14.0,16.0,12,-0.037776686218201155,0.7243591777008962
38,9,16.0,18.0,11,-0.04995633064954763,0.7581927011841911
38,10,18.0,20.0,11,0.14491147759849105,0.736525620777202
38,11,20.0,22.0,8,-0.12295538165228746,0.738413933332372
38,12,22.0,24.0,13,-0.08914982532307378,0.7291248069991788
38,13,24.0,26.0,9,-0.16802340247898426,0.7501237347408508
38,14,26.0,28.0,11,0.009771011511908165,0.7342414975514064
38,15,28.0,30.0,12,-0.2573240603748261,0.7181476503135764
38,16,30.0,32.0,9,-0.05268969635032675,0.7293676592575767
38,17,32.0,34.0,11,-0.16686859422455788,0.7678062932389925
38,18,34.0,36.0,9,-0.2587686309173029,0.7569163062506016
38,19,36.0,38.0,10,-0.18734435801607643,0.7406963052195892
38,20,38.0,40.0,14,-0.2808645617085124,0.6976136385346698
38,21,40.0,42.0,2,-0.020358692475623635,0.908446928340586
39,1,0.0,2.0,2,-0.057090799868500255,0.828280728487052
39,2,2.0,4.0,2,-0.06525501543121032,0.82284083871523
39,3,4.0,6.0,12,-0.04138119202283176,0.7314946154590551
39,4,6.0,8.0,13,-0.16321062963394242,0.7544110479010482
39,5,8.0,10.0,6,0.08443960746373985,0.7505167114540772
39,6,10.0,12.0,13,-0.01279625255190725,0.7517677955302892
39,7,12.0,14.0,10,-0.054800613767835696,0.7640546370353569
39,8,14.0,16.0,12,0.01783221303403958,0.7524830627252617
39,9,16.0,18.0,11,-0.015089747827346772,0.7498310248224387
39,10,18.0,20.0,11,0.18498170802486721,0.7662478589180203
39,11,20.0,22.0,8,0.11873865126938755,0.779244814240004
39,12,22.0,24.0,13,-0.054504367387767705,0.7053625350959883
39,13,24.0,26.0,9,-0.2684278034556899,0.75080650886571
39,14,26.0,28.0,11,-0.10172067388689962,0.7613803615137137
39,15,28.0,30.0,12,-0.1364156940103311,0.748765389198849
39,16,30.0,32.0,9,-0.14808036562631866,0.7668158031953818
39,17,32.0,34.0,11,-0.028764563679719586,0.7608141187083216
39,18,34.0,36.0,9,0.013249643160833859,0.7643582259506879
39,19,36.0,38.0,10,-0.1009777999529017,0.751918477381744
39,20,38.0,40.0,14,-0.12719343419641296,0.6665097336939781
39,21,40.0,42.0,2,0.19550410959223058,0.8922089344723119
40,1,0.0,2.0,2,-0.05686784088694288,0.8453909664181275
40,2,2.0,4.0,2,0.02824018046813499,0.8827575031017678
40,3,4.0,6.0,12,-0.08638797000758329,0.7219728840834764
40,4,6.0,8.0,13,-0.032603607005785934,0.7309861851184147
40,5,8.0,10.0,6,-0.02145893059316024,0.7918661174223343
40,6,10.0,12.0,13,0.05720607793356437,0.7464055586665336
40,7,12.0,14.0,10,-0.037959985125132364,0.7467511533925029
40,8,14.0,16.0,12,-0.07080040568464878,0.758723056288958
40,9,16.0,18.0,11,-0.04860472062312436,0.7518895592559762
40,10,18.0,20.0,11,-0.026827218057471278,0.7429014246480999
40,11,20.0,22.0,8,-0.13640589459292007,0.7613747781155925
40,12,22.0,24.0,13,-0.2296726400319535,0.7434030909108663
40,13,24.0,26.0,9,-0.2929078997322409,0.782516973364902
40,14,26.0,28.0,11,0.09447264751981936,0.7647349492827266
40,15,28.0,30.0,12,-0.2439228885852005,0.7510229540560536
40,16,30.0,32.0,9,-0.06352116373720923,0.7588175683926811
40,17,32.0,34.0,11,0.04387873234062029,0.777325384625699
40,18,34.0,36.0,9,-0.20885508544849463,0.7686324683364616
40,19,36.0,38.0,10,0.041454381808418525,0.7681459464066022
40,20,38.0,40.0,14,-0.240171429011393,0.686946827467859
40,21,40.0,42.0,2,0.019330268268281166,0.903212595620824
41,1,0.0,2.0,2,0.051705502567984764,0.8044160912056342
41,2,2.0,4.0,2,0.056612286609932935,0.8899570747557063
41,3,4.0,6.0,12,0.05224176921932552,0.6983995885583519
41,4,6.0,8.0,13,-0.08361536222452075,0.6981784654208559
41,5,8.0,10.0,6,-0.15666489648978513,0.8077678261519559
41,6,10.0,12.0,13,0.06506522670809227,0.7327179027708242
41,7,12.0,14.0,10,-0.10209064525189337,0.760729054357765
41,8,14.0,16.0,12,-0.060461257195706164,0.7396625911906359
41,9,16.0,18.0,11,0.08758527166157822,0.7521141187414194
41,10,18.0,20.0,11,-0.13560363479841026,0.7558473431468671
41,11,20.0,22.0,8,-0.12947933814225082,0.75314564328809
41,12,22.0,24.0,13,-0.21183323639026613,0.7351264807690533
41,13,24.0,26.0,9,-0.2880819319345648,0.7471592844872702
41,14,26.0,28.0,11,-0.2098201414600586,0.7553165954322792
41,15,28.0,30.0,12,-0.17626761431756816,0.7564395037260044
41,16,30.0,32.0,9,-0.1624859429795223,0.7795171802561155
41,17,32.0,34.0,11,-0.13773177329684436,0.7682099038747794
41,18,34.0,36.0,9,-0.0947105256995279,0.7599090449891303
41,19,36.0,38.0,10,-0.18927647758450108,0.7454986422388221
41,20,38.0,40.0,14,-0.33256444619304454,0.7167343237390115
41,21,40.0,42.0,2,0.06564170365466604,0.9080570817425963
42,1,0.0,2.0,2,-0.11801965516208646,0.8607896177504828
42,2,2.0,4.0,2,-0.022062228705151794,0.8339288389477731
42,3,4.0,6.0,12,0.05601034795834289,0.7155865453185363
42,4,6.0,8.0,13,-0.021411915710489587,0.7210457569462556
42,5,8.0,10.0,6,0.010068544472096418,0.8079184999345368
42,6,10.0,12.0,13,-0.004462131083861291,0.7483851624970932
42,7,12.0,14.0,10,-0.17124598225700227,0.7699947649022219
42,8,14.0,16.0,12,0.0011468818204527127,0.7837887424934191
42,9,16.0,18.0,11,0.11140617197274748,0.7699477957386736
42,10,18.0,20.0,11,-0.13741322197947828,0.7517464345280591
42,11,20.0,22.0,8,0.08877479295569403,0.7399319607264638
42,12,22.0,24.0,13,-0.01932055990192313,0.7364614266752038
42,13,24.0,26.0,9,-0.16424423112573397,0.7667597614228866
42,14,26.0,28.0,11,0.06767410010795993,0.7608327250147576
42,15,28.0,30.0,12,-0.12404989145052778,0.7374242028319155
42,16,30.0,32.0,9,-0.14883410004667796,0.7375529802794443
42,17,32.0,34.0,11,-0.1551695896953425,0.73388237528557
42,18,34.0,36.0,9,-0.15548627865120182,0.7424544649674368
42,19,36.0,38.0,10,0.023287478043278007,0.7555497794000163
42,20,38.0,40.0,14,-0.38037679524414647,0.6989969360268883
42,21,40.0,42.0,2,-0.16716857810744518,0.8724116752987136
43,1,0.0,2.0,2,0.019469160359306733,0.8440602262152234
43,2,2.0,4.0,2,-0.07809906986971983,0.8446466260872965
43,3,4.0,6.0,12,-0.13266854719384097,0.697224994492701
43,4,6.0,8.0,13,-0.2124712821120128,0.7269231535630785
43,5,8.0,10.0,6,-0.16609146735377128,0.7967269925999088
43,6,10.0,12.0,13,-0.08289980487153122,0.7668793790282907
43,7,12.0,14.0,10,-0.11692940796597832,0.7593988473941955
43,8,14.0,16.0,12,0.09669941045074744,0.7311846993086507
43,9,16.0,18.0,11,0.10831975130043187,0.7676983596151297
43,10,18.0,20.0,11,0.150301708770572,0.775418033064435
43,11,20.0,22.0,8,-0.06489638084956101,0.7920846216707332
43,12,22.0,24.0,13,-0.0829485869354644,0.751287684237794
43,13,24.0,26.0,9,-0.1132322033908848,0.7614057773975036
43,14,26.0,28.0,11,-0.0655578708622728,0.7167915985259308
43,15,28.0,30.0,12,-0.2469205422783453,0.7410969333446283
43,16,30.0,32.0,9,-0.10144862421051817,0.7616994829013517
43,17,32.0,34.0,11,0.14299156434359178,0.7471381675370065
43,18,34.0,36.0,9,-0.22700703297253638,0.7744575980387324
43,19,36.0,38.0,10,-0.2570562389281976,0.7503326725423998
43,20,38.0,40.0,14,-0.0700571471151732,0.664088149301576
43,21,40.0,42.0,2,0.028456188450923684,0.9027650115101731
44,1,0.0,2.0,2,0.04850388867980422,0.8683185185889747
44,2,2.0,4.0,2,-0.03960643328606841,0.818394803152631
44,3,4.0,6.0,12,0.251672900070568,0.7301939872765953
44,4,6.0,8.0,13,-0.16839854936629942,0.7199879391699008
44,5,8.0,10.0,6,0.096856108119319,0.797568429667543
44,6,10.0,12.0,13,-0.027937229302790863,0.7391708637406581
44,7,12.0,14.0,10,-0.18517383424808528,0.7687469665689723
44,8,14.0,16.0,12,0.052622750887666936,0.7409121364503626
44,9,16.0,18.0,11,0.11065675618539925,0.7622440116371846
44,10,18.0,20.0,11,-0.19024139550118718,0.7610073831782579
44,11,20.0,22.0,8,0.2187349288582604,0.7451703208240669
44,12,22.0,24.0,13,-0.170354856414996,0.7156040364321624
44,13,24.0,26.0,9,0.02490360032746495,0.7555436225889367
44,14,26.0,28.0,11,-0.12708316568409275,0.7290744210272853
44,15,28.0,30.0,12,-0.00044158834598352967,0.7310509783974166
44,16,30.0,32.0,9,-0.15267801892004437,0.7837969530142377
44,17,32.0,34.0,11,-0.10784091191943569,0.7481606946628009
44,18,34.0,36.0,9,-0.14460893035053843,0.7661074495720316
44,19,36.0,38.0,10,-0.20480739787575353,0.7430642734778107
44,20,38.0,40.0,14,-0.31336884460061243,0.6753693978982394
44,21,40.0,42.0,2,-0.03253710586667068,0.858473985908059
45,1,0.0,2.0,2,0.04507327854446065,0.7980136532420723
45,2,2.0,4.0,2,0.0161718054675258,0.8206856339377776
45,3,4.0,6.0,12,-0.03995484308449437,0.7035145897417834
45,4,6.0,8.0,13,-0.06924085490900007,0.7351249523727214
45,5,8.0,10.0,6,-0.054214352853956954,0.7991233616029628
45,6,10.0,12.0,13,-0.08767704766656963,0.7460795937856645
45,7,12.0,14.0,10,-0.1564924923852911,0.7389281438969373
45,8,14.0,16.0,12,-0.09063813974339462,0.745622904509064
45,9,16.0,18.0,11,0.08956916904954716,0.7766497390484974
45,10,18.0,20.0,11,0.03266776017218529,0.7576509667151106
45,11,20.0,22.0,8,0.2105805109184431,0.7973422802531108
45,12,22.0,24.0,13,-0.12008782970648763,0.7520925785936198
45,13,24.0,26.0,9,-0.06001798809067279,0.7498406643128311
45,14,26.0,28.0,11,-0.127931199949576,0.7465749432303694
45,15,28.0,30.0,12,-0.1419272590864271,0.7425463985278105
45,16,30.0,32.0,9,-0.05140045283999546,0.7760376161398483
45,17,32.0,34.0,11,-0.029263343100572884,0.7504695650100927
45,18,34.0,36.0,9,-0.048465123639320956,0.7586416116280521
45,19,36.0,38.0,10,0.03932486634009047,0.7192300913017764
45,20,38.0,40.0,14,-0.009378285600032028,0.6898510623395517
45,21,40.0,42.0,2,0.22839205176079322,0.9130712270453304
46,1,0.0,2.0,2,0.021137149178748916,0.830151285911028
46,2,2.0,4.0,2,0.005230241871032666,0.8160271989218353
46,3,4.0,6.0,12,0.10210800505786691,0.7334238783605218
46,4,6.0,8.0,13,-0.14977331898830518,0.7417342063952201
46,5,8.0,10.0,6,-0.03586938635943,0.7817942776403833
46,6,10.0,12.0,13,-0.2215834345966467,0.7315602688439932
46,7,12.0,14.0,10,-0.19238410490900384,0.7547223454491865
46,8,14.0,16.0,12,0.04588177739543277,0.7811812382027997
46,9,16.0,18.0,11,0.11114692625960529,0.7558411803644487
46,10,18.0,20.0,11,0.09937446456787068,0.7882495324975987
46,11,20.0,22.0,8,-0.03243720065256407,0.7699083779582282
46,12,22.0,24.0,13,-0.004087879877770688,0.7265032462415694
46,13,24.0,26.0,9,-0.0671402497107833,0.7454821246207135
46,14,26.0,28.0,11,0.023776433021406446,0.7527408622518938
46,15,28.0,30.0,12,-0.026525568337556434,0.7361331795790831
46,16,30.0,32.0,9,-0.006243800078975148,0.7747697574971215
46,17,32.0,34.0,11,-0.07320331410307529,0.7344508025685561
46,18,34.0,36.0,9,-0.04805181756980766,0.7548263208784907
46,19,36.0,38.0,10,-0.02459432535507398,0.7754405912670462
46,20,38.0,40.0,14,-0.20263877435834787,0.6703943162898245
46,21,40.0,42.0,2,-0.005822757539246327,0.8644298040663058
47,1,0.0,2.0,2,0.02003163870815234,0.8391776408023537
47,2,2.0,4.0,2,-0.1078299627746429,0.8247459537467842
47,3,4.0,6.0,12,-0.11764754555032818,0.7158883315694718
47,4,6.0,8.0,13,-0.04926843387075696,0.7067799160865331
47,5,8.0,10.0,6,-0.2061395573070692,0.7834738945195624
47,6,10.0,12.0,13,-0.20672017387984962,0.7346637400678405
47,7,12.0,14.0,10,-0.12313238099162001,0.7496552650908475
47,8,14.0,16.0,12,-0.057073983378518045,0.750202345881652
47,9,16.0,18.0,11,0.16037468006002123,0.7717512298152704
47,10,18.0,20.0,11,0.009232649578851022,0.7718015210128601
47,11,20.0,22.0,8,0.04622877251087652,0.7658258471112643
47,12,22.0,24.0,13,-0.08787214185619427,0.7305261624772861
47,13,24.0,26.0,9,-0.1907972817627973,0.7343729043602248
47,14,26.0,28.0,11,-0.10141767040426831,0.7415142570230979
47,15,28.0,30.0,12,-0.11623695880504656,0.7448317647323696
47,16,30.0,32.0,9,-0.18156828318642998,0.7214257518673295
47,17,32.0,34.0,11,-0.028421550454246054,0.7647835241761298
47,18,34.0,36.0,9,-0.15828150043921543,0.7608721909439984
47,19,36.0,38.0,10,-0.2409043612424161,0.7544638954773378
47,20,38.0,40.0,14,-0.21314572234156276,0.6577473595732876
47,21,40.0,42.0,2,-0.02052671637269314,0.9033541523308313
48,1,0.0,2.0,2,0.17373718308092523,0.8643789461910011
48,2,2.0,4.0,2,0.10279503868017974,0.8565291110320061
48,3,4.0,6.0,12,-0.006663185579383102,0.7550929089708702
48,4,6.0,8.0,13,-0.10803055808925222,0.7067519428740427
48,5,8.0,10.0,6,-0.11012020713673817,0.7951819179210831
48,6,10.0,12.0,13,-0.03631271703955475,0.7343916883227696
48,7,12.0,14.0,10,-0.09767319408290058,0.7396217840366458
48,8,14.0,16.0,12,0.23002264213168988,0.7372785949092516
48,9,16.0,18.0,11,0.10669925175190471,0.7583764083932427
48,10,18.0,20.0,11,0.04612492616032988,0.7382512652124211
48,11,20.0,22.0,8,0.07479079706894558,0.8070011733091755
48,12,22.0,24.0,13,-0.030815637669411193,0.7365456736921708
48,13,24.0,26.0,9,-0.19444528684495355,0.7569728085322251
48,14,26.0,28.0,11,-0.006572529941289376,0.7422888923767009
48,15,28.0,30.0,12,-0.1214255432901014,0.6934540267877699
48,16,30.0,32.0,9,-0.17510738809424256,0.7791668633099138
48,17,32.0,34.0,11,0.10419406292309541,0.7772229082308184
48,18,34.0,36.0,9,-0.005710459073954049,0.7649310700644968
48,19,36.0,38.0,10,-0.16759726139500863,0.7399660163054145
48,20,38.0,40.0,14,-0.32020726770619395,0.6302472636548975
48,21,40.0,42.0,2,0.07494621045634295,0.9144581624594939
49,1,0.0,2.0,2,-0.06967822608551352,0.8265143821153386
49,2,2.0,4.0,2,0.0002058228709478061,0.8458548517073107
49,3,4.0,6.0,12,-0.14269469853976183,0.7030275722613302
49,4,6.0,8.0,13,-0.06741647044573523,0.7317552743574535
49,5,8.0,10.0,6,0.03625511252519851,0.8189009203152624
49,6,10.0,12.0,13,-0.15468280082012806,0.7499535791432392
49,7,12.0,14.0,10,0.012664375940712177,0.7677501763264685
49,8,14.0,16.0,12,0.11346070317561532,0.7528510442550549
49,9,16.0,18.0,11,-0.100489426853765,0.7606679996942731
49,10,18.0,20.0,11,0.09390748315876223,0.7848195654494128
49,11,20.0,22.0,8,0.038412350103460585,0.8051443902225445
49,12,22.0,24.0,13,-0.016223580151720825,0.7594630978301155
49,13,24.0,26.0,9,0.11866562753352794,0.761775409852272
49,14,26.0,28.0,11,0.007701890335388606,0.7399335107371333
49,15,28.0,30.0,12,0.08357126260178506,0.7378584346657228
49,16,30.0,32.0,9,-0.0004352187024122266,0.7159170193151629
49,17,32.0,34.0,11,-0.10153962409980388,0.7625704579808352
49,18,34.0,36.0,9,-0.21169264007474545,0.7712791962698282
49,19,36.0,38.0,10,-0.12046537699470446,0.7538248514453473
49,20,38.0,40.0,14,-0.06586419521370063,0.6741520629002861
49,21,40.0,42.0,2,0.21090083283813527,0.9164701027029618
50,1,0.0,2.0,2,0.11102882155095324,0.8814710098190048
50,2,2.0,4.0,2,0.08823519411212677,0.8619960960907895
50,3,4.0,6.0,12,-0.007225962331043711,0.7302477078082966
50,4,6.0,8.0,13,-0.0653775533076076,0.7173953089991969
50,5,8.0,10.0,6,0.0006448485683539292,0.8008415292475372
50,6,10.0,12.0,13,-0.12151713856207223,0.7335639770139785
50,7,12.0,14.0,10,-0.15064943745213538,0.7660658054390739
50,8,14.0,16.0,12,0.046862213594972425,0.7547920620843979
50,9,16.0,18.0,11,0.22129427376786254,0.7525400532897499
50,10,18.0,20.0,11,0.16074736239227938,0.7499315920666839
50,11,20.0,22.0,8,0.16253986587309496,0.7626436886595671
50,12,22.0,24.0,13,-0.08369577430261015,0.7330122052291906
50,13,24.0,26.0,9,0.02716775966699852,0.7658399736017498
50,14,26.0,28.0,11,-0.0038714400464375637,0.7382638979706226
50,15,28.0,30.0,12,0.08417315410577307,0.7836692095588521
50,16,30.0,32.0,9,-0.11530416524201578,0.7747283319597855
50,17,32.0,34.0,11,-0.10948405180178669,0.763140664028596
50,18,34.0,36.0,9,-0.11395983338005305,0.7761418657549388
50,19,36.0,38.0,10,-0.14533609190954866,0.7520130313425533
50,20,38.0,40.0,14,-0.190856288331278,0.6553159683109772
50,21,40.0,42.0,2,-0.008740366107829306,0.8943235426156841
