system,hexane_index,block_index,start_time_ps,end_time_ps,n_frames,z_mean_A,z_rms_A,z_msd_from_initial_A2,z_displacement_from_initial_A
CaF2,1,1,0.000000,9.900000,100,8.14864589,0.25922981,0.09713566,-0.17301898
CaF2,1,2,10.000000,19.900000,100,8.16725958,0.18826168,0.05928345,-0.15440529
CaF2,1,3,20.000000,29.900000,100,8.15147832,0.15400611,0.05268134,-0.17018655
CaF2,1,4,30.000000,39.900000,100,8.16640491,0.27199720,0.09808813,-0.15525996
CaF2,1,5,40.000000,49.900000,100,8.07852927,0.20319992,0.10040513,-0.24313560
CaF2,1,6,50.000000,59.900000,100,8.13074791,0.21153614,0.08119683,-0.19091696
CaF2,1,7,60.000000,69.900000,100,8.23780997,0.20942747,0.05089151,-0.08385490
CaF2,1,8,70.000000,79.900000,100,8.08072499,0.30284846,0.14976921,-0.24093988
CaF2,1,9,80.000000,89.900000,100,8.13760119,0.25597494,0.09940261,-0.18406368
CaF2,1,10,90.000000,99.900000,100,8.04996764,0.21437200,0.11977474,-0.27169723
CaF2,1,11,100.000000,109.900000,100,8.26686101,0.18257370,0.03633662,-0.05480386
CaF2,1,12,110.000000,119.900000,100,8.12651670,0.17936984,0.07025635,-0.19514817
CaF2,1,13,120.000000,129.900000,100,8.16863509,0.23413305,0.07823640,-0.15302978
CaF2,1,14,130.000000,139.900000,100,8.07944239,0.25082248,0.12158364,-0.24222248
CaF2,1,15,140.000000,149.900000,100,8.03703962,0.25975047,0.14848184,-0.28462525
CaF2,1,16,150.000000,159.900000,100,8.12202156,0.22038557,0.08842725,-0.19964331
CaF2,1,17,160.000000,169.900000,100,7.99325000,0.20894948,0.15151621,-0.32841487
CaF2,1,18,170.000000,179.900000,100,8.05014354,0.33710253,0.18736195,-0.27152133
CaF2,1,19,180.000000,189.900000,100,8.06735983,0.24338317,0.12390642,-0.25430504
CaF2,1,20,190.000000,199.900000,100,8.05443634,0.20983947,0.11544369,-0.26722853
CaF2,1,21,200.000000,209.900000,100,8.12011828,0.32377496,0.14545125,-0.20154659
CaF2,1,22,210.000000,219.900000,100,7.90603388,0.25978079,0.24023518,-0.41563099
CaF2,1,23,220.000000,229.900000,100,7.94047018,0.28535597,0.22673743,-0.38119469
CaF2,1,24,230.000000,239.900000,100,8.12737971,0.22636110,0.08898607,-0.19428516
CaF2,1,25,240.000000,249.900000,100,8.16520122,0.20722461,0.06742291,-0.15646365
CaF2,1,26,250.000000,259.900000,100,8.20806463,0.21993442,0.06127616,-0.11360024
CaF2,1,27,260.000000,269.900000,100,7.94192362,0.28062528,0.22295396,-0.37974125
CaF2,1,28,270.000000,279.900000,100,8.10662577,0.20594657,0.08865580,-0.21503910
CaF2,1,29,280.000000,289.900000,100,8.11619282,0.18223501,0.07542836,-0.20547205
CaF2,1,30,290.000000,299.900000,100,8.31911986,0.19005263,0.03612648,-0.00254501
CaF2,1,31,300.000000,309.900000,100,8.24952019,0.28892327,0.08868151,-0.07214468
CaF2,1,32,310.000000,319.900000,100,8.15501893,0.25607713,0.09334637,-0.16664594
CaF2,1,33,320.000000,329.900000,100,8.14779653,0.20913903,0.07396933,-0.17386834
CaF2,1,34,330.000000,339.900000,100,8.25140995,0.17986675,0.03728780,-0.07025492
CaF2,1,35,340.000000,349.900000,100,8.17934133,0.24711598,0.08132230,-0.14232354
CaF2,1,36,350.000000,359.900000,100,8.07009838,0.25486480,0.12824177,-0.25156649
CaF2,1,37,360.000000,369.900000,100,8.22723664,0.27900957,0.08676303,-0.09442823
CaF2,1,38,370.000000,379.900000,100,8.07593645,0.20552763,0.10262406,-0.24572842
CaF2,1,39,380.000000,389.900000,100,8.09508022,0.16691051,0.07919972,-0.22658465
CaF2,1,40,390.000000,399.900000,100,8.19048436,0.24236524,0.07594923,-0.13118051
CaF2,1,41,400.000000,409.900000,100,8.05503040,0.31368440,0.16949184,-0.26663447
CaF2,1,42,410.000000,419.900000,100,8.07255640,0.30827142,0.15708630,-0.24910847
CaF2,1,43,420.000000,429.900000,100,8.09786216,0.24692607,0.11106014,-0.22380271
CaF2,1,44,430.000000,439.900000,100,8.10725386,0.25764608,0.11235359,-0.21441101
CaF2,1,45,440.000000,449.900000,100,8.20367025,0.22105640,0.06278866,-0.11799462
CaF2,1,46,450.000000,459.900000,100,8.02666326,0.18495833,0.12123554,-0.29500161
CaF2,1,47,460.000000,469.900000,100,8.00763019,0.19005661,0.13473929,-0.31403468
CaF2,1,48,470.000000,479.900000,100,7.96731255,0.21684377,0.17258679,-0.35435232
CaF2,1,49,480.000000,489.900000,100,8.12837513,0.15783693,0.06227342,-0.19328974
CaF2,1,50,490.000000,499.900000,100,8.19562448,0.25392093,0.08036202,-0.12604039
CaF2,2,1,0.000000,9.900000,100,8.27862787,0.30442301,0.31727408,0.47392058
CaF2,2,2,10.000000,19.900000,100,8.22345640,0.23856942,0.23226618,0.41874911
CaF2,2,3,20.000000,29.900000,100,8.26812970,0.16431123,0.24175851,0.46342241
CaF2,2,4,30.000000,39.900000,100,8.13573973,0.24968469,0.17192492,0.33103244
CaF2,2,5,40.000000,49.900000,100,8.13753692,0.16755912,0.13885162,0.33282963
CaF2,2,6,50.000000,59.900000,100,7.97346189,0.19077429,0.06487295,0.16875460
CaF2,2,7,60.000000,69.900000,100,8.12395783,0.25259590,0.16572560,0.31925054
CaF2,2,8,70.000000,79.900000,100,8.07812475,0.21160069,0.11953196,0.27341746
CaF2,2,9,80.000000,89.900000,100,8.00619588,0.22781469,0.09249719,0.20148859
CaF2,2,10,90.000000,99.900000,100,8.06655514,0.27230155,0.14271243,0.26184785
CaF2,2,11,100.000000,109.900000,100,8.29833818,0.23074822,0.29691620,0.49363089
CaF2,2,12,110.000000,119.900000,100,8.11712100,0.25036659,0.16028576,0.31241371
CaF2,2,13,120.000000,129.900000,100,8.16034404,0.24098857,0.18455299,0.35563675
CaF2,2,14,130.000000,139.900000,100,8.06035441,0.20804104,0.10863653,0.25564712
CaF2,2,15,140.000000,149.900000,100,8.13853971,0.25979406,0.17893704,0.33383242
CaF2,2,16,150.000000,159.900000,100,8.09638449,0.22923275,0.13762324,0.29167720
CaF2,2,17,160.000000,169.900000,100,8.07974454,0.20550737,0.11787877,0.27503725
CaF2,2,18,170.000000,179.900000,100,7.99943753,0.30379334,0.13021026,0.19473024
CaF2,2,19,180.000000,189.900000,100,8.06760572,0.27207801,0.14314203,0.26289843
CaF2,2,20,190.000000,199.900000,100,8.06610821,0.25278499,0.13223069,0.26140092
CaF2,2,21,200.000000,209.900000,100,8.06336265,0.23056850,0.12006443,0.25865536
CaF2,2,22,210.000000,219.900000,100,8.20365921,0.28616605,0.24105364,0.39895192
CaF2,2,23,220.000000,229.900000,100,8.12620447,0.25425627,0.16800669,0.32149718
CaF2,2,24,230.000000,239.900000,100,8.16155212,0.21831710,0.17500059,0.35684483
CaF2,2,25,240.000000,249.900000,100,8.19362843,0.19702726,0.19007940,0.38892114
CaF2,2,26,250.000000,259.900000,100,8.15466092,0.21902138,0.17043791,0.34995363
CaF2,2,27,260.000000,269.900000,100,7.97242134,0.25979838,0.09562320,0.16771405
CaF2,2,28,270.000000,279.900000,100,8.13522753,0.21651080,0.15612056,0.33052024
CaF2,2,29,280.000000,289.900000,100,8.18162625,0.23193649,0.19586244,0.37691896
CaF2,2,30,290.000000,299.900000,100,8.12792345,0.22704861,0.15601976,0.32321616
CaF2,2,31,300.000000,309.900000,100,8.15243345,0.23850525,0.17779823,0.34772616
CaF2,2,32,310.000000,319.900000,100,8.15805520,0.30457842,0.21762276,0.35334791
CaF2,2,33,320.000000,329.900000,100,8.22857500,0.21571114,0.22619513,0.42386771
CaF2,2,34,330.000000,339.900000,100,8.07233203,0.18967244,0.10759864,0.26762474
CaF2,2,35,340.000000,349.900000,100,8.07220376,0.17326379,0.10157470,0.26749647
CaF2,2,36,350.000000,359.900000,100,8.07312113,0.19829226,0.11136581,0.26841384
CaF2,2,37,360.000000,369.900000,100,8.09016763,0.19856330,0.12091499,0.28546034
CaF2,2,38,370.000000,379.900000,100,7.99846605,0.16502599,0.06477603,0.19375876
CaF2,2,39,380.000000,389.900000,100,8.08506380,0.16253462,0.10501727,0.28035651
CaF2,2,40,390.000000,399.900000,100,8.18506886,0.27838350,0.22217230,0.38036157
CaF2,2,41,400.000000,409.900000,100,8.06476956,0.33836219,0.18212136,0.26006227
CaF2,2,42,410.000000,419.900000,100,7.97399045,0.24317624,0.08779147,0.16928316
CaF2,2,43,420.000000,429.900000,100,8.03855766,0.25079063,0.11758193,0.23385037
CaF2,2,44,430.000000,439.900000,100,8.10048536,0.25654315,0.15329905,0.29577807
CaF2,2,45,440.000000,449.900000,100,8.10934547,0.22350525,0.14275902,0.30463818
CaF2,2,46,450.000000,459.900000,100,8.08850531,0.20022345,0.12063074,0.28379802
CaF2,2,47,460.000000,469.900000,100,8.09395363,0.19676733,0.12238083,0.28924634
CaF2,2,48,470.000000,479.900000,100,8.01416863,0.28731989,0.12642677,0.20946134
CaF2,2,49,480.000000,489.900000,100,8.19117222,0.19502513,0.18738995,0.38646493
CaF2,2,50,490.000000,499.900000,100,8.06679548,0.20115189,0.10915230,0.26208819
SiO2,1,1,0.000000,9.900000,100,19.49454733,0.16291088,0.16253844,-0.36877972
SiO2,1,2,10.000000,19.900000,100,19.53950020,0.15613567,0.12924218,-0.32382685
SiO2,1,3,20.000000,29.900000,100,19.77181200,0.23730490,0.06468862,-0.09151505
SiO2,1,4,30.000000,39.900000,100,20.07676127,0.16587344,0.07306816,0.21343422
SiO2,1,5,40.000000,49.900000,100,20.10314696,0.14182967,0.07762924,0.23981991
SiO2,1,6,50.000000,59.900000,100,20.03138733,0.11277977,0.04096354,0.16806028
SiO2,1,7,60.000000,69.900000,100,20.20780401,0.20828476,0.16204692,0.34447696
SiO2,1,8,70.000000,79.900000,100,20.43854989,0.15491741,0.35488072,0.57522284
SiO2,1,9,80.000000,89.900000,100,20.44595298,0.13346712,0.35726645,0.58262593
SiO2,1,10,90.000000,99.900000,100,20.48486840,0.11536155,0.39962194,0.62154135
SiO2,1,11,100.000000,109.900000,100,20.40481224,0.13685746,0.31193617,0.54148519
SiO2,1,12,110.000000,119.900000,100,20.39581606,0.14272027,0.30391362,0.53248901
SiO2,1,13,120.000000,129.900000,100,20.30707094,0.11255133,0.20957645,0.44374389
SiO2,1,14,130.000000,139.900000,100,20.30809929,0.12173637,0.21264209,0.44477224
SiO2,1,15,140.000000,149.900000,100,20.44803526,0.12900781,0.35852671,0.58470821
SiO2,1,16,150.000000,159.900000,100,20.44285816,0.15915881,0.36118784,0.57953111
SiO2,1,17,160.000000,169.900000,100,20.52727792,0.16941382,0.46953180,0.66395087
SiO2,1,18,170.000000,179.900000,100,20.44386635,0.12009241,0.35144806,0.58053930
SiO2,1,19,180.000000,189.900000,100,20.41156410,0.16838481,0.32891731,0.54823705
SiO2,1,20,190.000000,199.900000,100,20.27518066,0.12348207,0.18487122,0.41185361
SiO2,1,21,200.000000,209.900000,100,20.23750365,0.11192463,0.15253525,0.37417660
SiO2,1,22,210.000000,219.900000,100,20.21586997,0.26236027,0.19311943,0.35254292
SiO2,1,23,220.000000,229.900000,100,19.90362801,0.13465783,0.01975690,0.04030096
SiO2,1,24,230.000000,239.900000,100,19.87025369,0.11970371,0.01437696,0.00692664
SiO2,1,25,240.000000,249.900000,100,19.81922024,0.14074696,0.02175512,-0.04410681
SiO2,1,26,250.000000,259.900000,100,19.94695938,0.17563790,0.03784304,0.08363233
SiO2,1,27,260.000000,269.900000,100,20.07950446,0.12238165,0.06170994,0.21617741
SiO2,1,28,270.000000,279.900000,100,19.83864982,0.14492650,0.02161266,-0.02467723
SiO2,1,29,280.000000,289.900000,100,19.76690475,0.14865425,0.03139534,-0.09642230
SiO2,1,30,290.000000,299.900000,100,19.70302291,0.21457507,0.07173988,-0.16030414
SiO2,1,31,300.000000,309.900000,100,19.67410665,0.20060141,0.07604529,-0.18922040
SiO2,1,32,310.000000,319.900000,100,19.53860574,0.15831061,0.13050618,-0.32472131
SiO2,1,33,320.000000,329.900000,100,19.54201724,0.13419750,0.12124896,-0.32130981
SiO2,1,34,330.000000,339.900000,100,19.57274090,0.14094786,0.10430661,-0.29058615
SiO2,1,35,340.000000,349.900000,100,19.53881849,0.15860972,0.13046285,-0.32450856
SiO2,1,36,350.000000,359.900000,100,19.49051277,0.09858521,0.14870953,-0.37281428
SiO2,1,37,360.000000,369.900000,100,19.63663635,0.13350570,0.06921245,-0.22669070
SiO2,1,38,370.000000,379.900000,100,19.60937882,0.13067296,0.08156512,-0.25394823
SiO2,1,39,380.000000,389.900000,100,19.58213975,0.14431751,0.09989384,-0.28118730
SiO2,1,40,390.000000,399.900000,100,19.56257478,0.13690744,0.10919557,-0.30075227
SiO2,1,41,400.000000,409.900000,100,19.65345524,0.15119655,0.06690657,-0.20987181
SiO2,1,42,410.000000,419.900000,100,19.63722626,0.14175371,0.07121568,-0.22610079
SiO2,1,43,420.000000,429.900000,100,19.58709870,0.11265944,0.08899425,-0.27622835
SiO2,1,44,430.000000,439.900000,100,19.79298613,0.12288192,0.02004781,-0.07034092
SiO2,1,45,440.000000,449.900000,100,19.77633070,0.12901552,0.02421337,-0.08699635
SiO2,1,46,450.000000,459.900000,100,19.88536595,0.15291519,0.02386877,0.02203890
SiO2,1,47,460.000000,469.900000,100,19.95838653,0.15244233,0.03227497,0.09505948
SiO2,1,48,470.000000,479.900000,100,19.97774202,0.15233866,0.03629785,0.11441497
SiO2,1,49,480.000000,489.900000,100,19.97663819,0.14897725,0.03503363,0.11331114
SiO2,1,50,490.000000,499.900000,100,20.02357396,0.14594572,0.04697922,0.16024691
SiO2,2,1,0.000000,9.900000,100,19.77886603,0.24987406,0.06957071,-0.08446102
SiO2,2,2,10.000000,19.900000,100,20.13319191,0.14076906,0.09264297,0.26986486
SiO2,2,3,20.000000,29.900000,100,20.38208856,0.12247791,0.28411435,0.51876151
SiO2,2,4,30.000000,39.900000,100,20.48478138,0.14786744,0.40807026,0.62145433
SiO2,2,5,40.000000,49.900000,100,20.52885348,0.12031970,0.45740225,0.66552643
SiO2,2,6,50.000000,59.900000,100,20.57961735,0.13920475,0.53244976,0.71629030
SiO2,2,7,60.000000,69.900000,100,20.53308786,0.13505246,0.46681871,0.66976081
SiO2,2,8,70.000000,79.900000,100,20.59348183,0.12221168,0.54806170,0.73015478
SiO2,2,9,80.000000,89.900000,100,20.40954722,0.12469035,0.31390416,0.54622017
SiO2,2,10,90.000000,99.900000,100,20.47097199,0.13960545,0.38872206,0.60764494
SiO2,2,11,100.000000,109.900000,100,20.36858827,0.12672234,0.27134745,0.50526122
SiO2,2,12,110.000000,119.900000,100,20.39953819,0.12253637,0.30253755,0.53621114
SiO2,2,13,120.000000,129.900000,100,20.45230339,0.09626643,0.35616036,0.58897634
SiO2,2,14,130.000000,139.900000,100,20.39857733,0.11420358,0.29953532,0.53525028
SiO2,2,15,140.000000,149.900000,100,20.49762542,0.13281566,0.41997442,0.63429837
SiO2,2,16,150.000000,159.900000,100,20.40689562,0.11900420,0.30962879,0.54356857
SiO2,2,17,160.000000,169.900000,100,20.32274713,0.09732156,0.22053830,0.45942008
SiO2,2,18,170.000000,179.900000,100,20.31746689,0.11653375,0.21982311,0.45413984
SiO2,2,19,180.000000,189.900000,100,20.36887915,0.12108340,0.27024411,0.50555210
SiO2,2,20,190.000000,199.900000,100,20.40605799,0.12347601,0.30980320,0.54273094
SiO2,2,21,200.000000,209.900000,100,20.45479849,0.10101093,0.36004167,0.59147144
SiO2,2,22,210.000000,219.900000,100,20.58828788,0.15480451,0.54953264,0.72496083
SiO2,2,23,220.000000,229.900000,100,20.64328275,0.13435082,0.62638104,0.77995570
SiO2,2,24,230.000000,239.900000,100,20.71115087,0.10604215,0.73005017,0.84782382
SiO2,2,25,240.000000,249.900000,100,20.68021908,0.11623515,0.68082321,0.81689203
SiO2,2,26,250.000000,259.900000,100,20.73923637,0.11356832,0.78011490,0.87590932
SiO2,2,27,260.000000,269.900000,100,20.72217933,0.18226764,0.77084872,0.85885228
SiO2,2,28,270.000000,279.900000,100,20.70916700,0.12726942,0.73164273,0.84583995
SiO2,2,29,280.000000,289.900000,100,20.66523910,0.17642192,0.67418763,0.80191205
SiO2,2,30,290.000000,299.900000,100,20.67112903,0.15760765,0.67738420,0.80780198
SiO2,2,31,300.000000,309.900000,100,20.60588511,0.18860339,0.58696372,0.74255806
SiO2,2,32,310.000000,319.900000,100,20.61614978,0.13886794,0.58602636,0.75282273
SiO2,2,33,320.000000,329.900000,100,20.56890034,0.12425868,0.51327389,0.70557329
SiO2,2,34,330.000000,339.900000,100,20.54694158,0.13206550,0.48477012,0.68361453
SiO2,2,35,340.000000,349.900000,100,20.47618282,0.08943163,0.38359021,0.61285577
SiO2,2,36,350.000000,359.900000,100,20.48962847,0.10070800,0.40239557,0.62630142
SiO2,2,37,360.000000,369.900000,100,20.59697650,0.14867149,0.56034472,0.73364945
SiO2,2,38,370.000000,379.900000,100,20.54864542,0.13208836,0.48710860,0.68531837
SiO2,2,39,380.000000,389.900000,100,20.52901226,0.15391512,0.46682666,0.66568521
SiO2,2,40,390.000000,399.900000,100,20.60151664,0.13592952,0.56340071,0.73818959
SiO2,2,41,400.000000,409.900000,100,20.61961305,0.15050312,0.59461970,0.75628600
SiO2,2,42,410.000000,419.900000,100,20.46146438,0.12207827,0.37267137,0.59813733
SiO2,2,43,420.000000,429.900000,100,20.45332405,0.13497797,0.36631552,0.58999700
SiO2,2,44,430.000000,439.900000,100,20.45091957,0.10934389,0.35722105,0.58759252
SiO2,2,45,440.000000,449.900000,100,20.44447266,0.12359397,0.35300569,0.58114561
SiO2,2,46,450.000000,459.900000,100,20.47702883,0.10947356,0.38861434,0.61370178
SiO2,2,47,460.000000,469.900000,100,20.46236001,0.13210000,0.37629089,0.59903296
SiO2,2,48,470.000000,479.900000,100,20.36554665,0.14046946,0.27195620,0.50221960
SiO2,2,49,480.000000,489.900000,100,20.50420631,0.11795212,0.42463893,0.64087926
SiO2,2,50,490.000000,499.900000,100,20.45415668,0.10267469,0.35962175,0.59082963
SiO2,3,1,0.000000,9.900000,100,18.98258362,0.24236246,0.14761344,0.29811723
SiO2,3,2,10.000000,19.900000,100,19.38673083,0.19919050,0.53285219,0.70226444
SiO2,3,3,20.000000,29.900000,100,19.33772068,0.31316052,0.52481067,0.65325429
SiO2,3,4,30.000000,39.900000,100,18.64663850,0.25926254,0.06864801,-0.03782789
SiO2,3,5,40.000000,49.900000,100,18.49209468,0.13480908,0.05518036,-0.19237171
SiO2,3,6,50.000000,59.900000,100,18.49109600,0.09900781,0.04719465,-0.19337039
SiO2,3,7,60.000000,69.900000,100,18.50800592,0.09684032,0.04051635,-0.17646047
SiO2,3,8,70.000000,79.900000,100,18.42597608,0.11771535,0.08067414,-0.25849031
SiO2,3,9,80.000000,89.900000,100,18.32403741,0.08046197,0.13638318,-0.36042898
SiO2,3,10,90.000000,99.900000,100,18.31663632,0.08843621,0.14311992,-0.36783007
SiO2,3,11,100.000000,109.900000,100,18.34815619,0.09758058,0.12262652,-0.33631020
SiO2,3,12,110.000000,119.900000,100,18.31816519,0.09278359,0.14278536,-0.36630120
SiO2,3,13,120.000000,129.900000,100,18.33265615,0.10844200,0.13553011,-0.35181024
SiO2,3,14,130.000000,139.900000,100,18.31932914,0.09509587,0.14236844,-0.36513725
SiO2,3,15,140.000000,149.900000,100,18.32111154,0.09390208,0.14084435,-0.36335485
SiO2,3,16,150.000000,159.900000,100,18.41910971,0.11272485,0.08312106,-0.26535668
SiO2,3,17,160.000000,169.900000,100,18.39826085,0.12507572,0.09755755,-0.28620554
SiO2,3,18,170.000000,179.900000,100,18.33921890,0.10522093,0.13026728,-0.34524749
SiO2,3,19,180.000000,189.900000,100,18.40705030,0.11996904,0.09135225,-0.27741609
SiO2,3,20,190.000000,199.900000,100,18.41122007,0.09187589,0.08310473,-0.27324632
SiO2,3,21,200.000000,209.900000,100,18.37391037,0.11042445,0.10863860,-0.31055602
SiO2,3,22,210.000000,219.900000,100,18.36568354,0.11247885,0.11427400,-0.31878285
SiO2,3,23,220.000000,229.900000,100,18.57078414,0.11463970,0.02606591,-0.11368225
SiO2,3,24,230.000000,239.900000,100,18.59560751,0.12316522,0.02306557,-0.08885888
SiO2,3,25,240.000000,249.900000,100,18.46274537,0.16204808,0.07541979,-0.22172102
SiO2,3,26,250.000000,259.900000,100,18.37909109,0.09639415,0.10254591,-0.30537530
SiO2,3,27,260.000000,269.900000,100,18.41507019,0.18637304,0.10730922,-0.26939620
SiO2,3,28,270.000000,279.900000,100,18.88592210,0.14597628,0.06189348,0.20145571
SiO2,3,29,280.000000,289.900000,100,18.88029805,0.12075683,0.05293225,0.19583166
SiO2,3,30,290.000000,299.900000,100,18.87539110,0.16973857,0.06526343,0.19092471
SiO2,3,31,300.000000,309.900000,100,19.02134236,0.15902087,0.13877306,0.33687597
SiO2,3,32,310.000000,319.900000,100,18.96259534,0.18668087,0.11220546,0.27812895
SiO2,3,33,320.000000,329.900000,100,18.81440211,0.15026633,0.03946326,0.12993572
SiO2,3,34,330.000000,339.900000,100,18.96068186,0.14626227,0.09768764,0.27621547
SiO2,3,35,340.000000,349.900000,100,18.98960421,0.17238230,0.12282475,0.30513782
SiO2,3,36,350.000000,359.900000,100,19.09471093,0.14461683,0.18921461,0.41024454
SiO2,3,37,360.000000,369.900000,100,18.83805747,0.11916078,0.03778951,0.15359108
SiO2,3,38,370.000000,379.900000,100,18.87265059,0.12595454,0.05127784,0.18818420
SiO2,3,39,380.000000,389.900000,100,18.77697367,0.19496297,0.04656816,0.09250728
SiO2,3,40,390.000000,399.900000,100,18.96093565,0.19686771,0.11519215,0.27646926
SiO2,3,41,400.000000,409.900000,100,18.87974295,0.17374645,0.06832076,0.19527656
SiO2,3,42,410.000000,419.900000,100,18.73288585,0.09600584,0.01156157,0.04841946
SiO2,3,43,420.000000,429.900000,100,18.70733125,0.08160071,0.00718148,0.02286486
SiO2,3,44,430.000000,439.900000,100,18.76166829,0.12262964,0.02099816,0.07720190
SiO2,3,45,440.000000,449.900000,100,18.74704020,0.11365549,0.01683305,0.06257381
SiO2,3,46,450.000000,459.900000,100,18.76467322,0.13479880,0.02460385,0.08020683
SiO2,3,47,460.000000,469.900000,100,18.85416777,0.13706592,0.04758562,0.16970138
SiO2,3,48,470.000000,479.900000,100,18.78732009,0.13092567,0.02772041,0.10285370
SiO2,3,49,480.000000,489.900000,100,18.76913293,0.11200828,0.01971428,0.08466654
SiO2,3,50,490.000000,499.900000,100,18.70701556,0.10816731,0.01220863,0.02254917
SiO2,4,1,0.000000,9.900000,100,18.80630585,0.14988899,0.03731156,0.12183946
SiO2,4,2,10.000000,19.900000,100,18.73176557,0.13620830,0.02078991,0.04729918
SiO2,4,3,20.000000,29.900000,100,18.49787377,0.10199705,0.04522020,-0.18659262
SiO2,4,4,30.000000,39.900000,100,18.43846562,0.11425773,0.07357121,-0.24600077
SiO2,4,5,40.000000,49.900000,100,18.41167161,0.09897385,0.08421281,-0.27279478
SiO2,4,6,50.000000,59.900000,100,18.41708431,0.11232688,0.08411051,-0.26738208
SiO2,4,7,60.000000,69.900000,100,18.40810677,0.10552721,0.08751063,-0.27635962
SiO2,4,8,70.000000,79.900000,100,18.42771617,0.10365736,0.07666552,-0.25675022
SiO2,4,9,80.000000,89.900000,100,18.45335353,0.08430839,0.06052106,-0.23111286
SiO2,4,10,90.000000,99.900000,100,18.41489478,0.10815780,0.08436696,-0.26957161
SiO2,4,11,100.000000,109.900000,100,18.48600981,0.11930593,0.05361892,-0.19845658
SiO2,4,12,110.000000,119.900000,100,18.45861993,0.10888224,0.06286197,-0.22584646
SiO2,4,13,120.000000,129.900000,100,18.36176159,0.09285090,0.11275968,-0.32270480
SiO2,4,14,130.000000,139.900000,100,18.39731685,0.10642523,0.09378119,-0.28714954
SiO2,4,15,140.000000,149.900000,100,18.40644774,0.12957500,0.09408405,-0.27801865
SiO2,4,16,150.000000,159.900000,100,18.46289236,0.12464444,0.06463129,-0.22157403
SiO2,4,17,160.000000,169.900000,100,18.52124321,0.12236018,0.04161382,-0.16322318
SiO2,4,18,170.000000,179.900000,100,18.48016096,0.11709086,0.05545098,-0.20430543
SiO2,4,19,180.000000,189.900000,100,18.43584226,0.10772227,0.07341805,-0.24862413
SiO2,4,20,190.000000,199.900000,100,18.43540121,0.11769020,0.07588445,-0.24906518
SiO2,4,21,200.000000,209.900000,100,18.38623600,0.10431295,0.09982255,-0.29823039
SiO2,4,22,210.000000,219.900000,100,18.36322797,0.10077508,0.11334974,-0.32123842
SiO2,4,23,220.000000,229.900000,100,18.44208203,0.13935360,0.07816961,-0.24238436
SiO2,4,24,230.000000,239.900000,100,18.51831202,0.12304709,0.04274786,-0.16615437
SiO2,4,25,240.000000,249.900000,100,18.50624927,0.11275115,0.04447416,-0.17821712
SiO2,4,26,250.000000,259.900000,100,18.50637140,0.11575001,0.04511589,-0.17809499
SiO2,4,27,260.000000,269.900000,100,18.43933702,0.10859598,0.07188149,-0.24512937
SiO2,4,28,270.000000,279.900000,100,18.42113190,0.11919083,0.08355151,-0.26333449
SiO2,4,29,280.000000,289.900000,100,18.42470006,0.09822989,0.07712766,-0.25976633
SiO2,4,30,290.000000,299.900000,100,18.42325584,0.12028677,0.08269986,-0.26121055
SiO2,4,31,300.000000,309.900000,100,18.44719089,0.12754991,0.07256864,-0.23727550
SiO2,4,32,310.000000,319.900000,100,18.45330062,0.11356783,0.06633526,-0.23116577
SiO2,4,33,320.000000,329.900000,100,18.47674120,0.09681608,0.05252311,-0.20772519
SiO2,4,34,330.000000,339.900000,100,18.46693932,0.09087089,0.05557554,-0.21752707
SiO2,4,35,340.000000,349.900000,100,18.44008175,0.10859455,0.07151663,-0.24438464
SiO2,4,36,350.000000,359.900000,100,18.45243008,0.10935022,0.06579832,-0.23203631
SiO2,4,37,360.000000,369.900000,100,18.48472033,0.11401438,0.05289777,-0.19974606
SiO2,4,38,370.000000,379.900000,100,18.49335080,0.11843838,0.05055282,-0.19111559
SiO2,4,39,380.000000,389.900000,100,18.49260799,0.10636386,0.04812292,-0.19185840
SiO2,4,40,390.000000,399.900000,100,18.49903386,0.12149191,0.04914551,-0.18543253
SiO2,4,41,400.000000,409.900000,100,18.48992939,0.15488000,0.06183246,-0.19453700
SiO2,4,42,410.000000,419.900000,100,18.43362431,0.10390545,0.07371809,-0.25084208
SiO2,4,43,420.000000,429.900000,100,18.42871248,0.10807470,0.07709021,-0.25575391
SiO2,4,44,430.000000,439.900000,100,18.44305585,0.12976041,0.07511681,-0.24141054
SiO2,4,45,440.000000,449.900000,100,18.43617057,0.10221535,0.07209879,-0.24829582
SiO2,4,46,450.000000,459.900000,100,18.44666041,0.11779486,0.07042731,-0.23780598
SiO2,4,47,460.000000,469.900000,100,18.58275344,0.17134007,0.03970295,-0.10171295
SiO2,4,48,470.000000,479.900000,100,18.36864544,0.09541087,0.10884611,-0.31582095
SiO2,4,49,480.000000,489.900000,100,18.39473020,0.11627049,0.09746589,-0.28973619
SiO2,4,50,490.000000,499.900000,100,18.41244251,0.12086740,0.08860592,-0.27202388
oil,1,1,0.000000,9.900000,100,3.00706226,1.00353367,2.96423726,1.39898443
oil,1,2,10.000000,19.900000,100,4.93845513,0.94395708,11.98246794,3.33037730
oil,1,3,20.000000,29.900000,100,5.91780179,0.36378215,18.70605805,4.30972396
oil,1,4,30.000000,39.900000,100,5.53007518,0.71718382,15.89641588,3.92199735
oil,1,5,40.000000,49.900000,100,5.51414862,0.68482151,15.72636956,3.90607079
oil,1,6,50.000000,59.900000,100,4.40066643,0.59233575,8.14941271,2.79258860
oil,1,7,60.000000,69.900000,100,4.56654000,0.57484273,9.08294258,2.95846217
oil,1,8,70.000000,79.900000,100,4.49154947,0.55591112,8.62344585,2.88347164
oil,1,9,80.000000,89.900000,100,3.63741040,0.50898916,4.37726064,2.02933257
oil,1,10,90.000000,99.900000,100,4.94487924,0.79032141,11.75885156,3.33680141
oil,1,11,100.000000,109.900000,100,5.72001183,0.33398610,17.01954795,4.11193400
oil,1,12,110.000000,119.900000,100,4.95082188,0.38868846,11.32501649,3.34274405
oil,1,13,120.000000,129.900000,100,5.65980420,0.24701549,16.47750322,4.05172637
oil,1,14,130.000000,139.900000,100,5.23474217,0.68307103,13.61928026,3.62666434
oil,1,15,140.000000,149.900000,100,4.41290351,0.74575349,8.42319536,2.80482568
oil,1,16,150.000000,159.900000,100,5.22579094,0.36374695,13.22015998,3.61771311
oil,1,17,160.000000,169.900000,100,5.73595688,0.28909417,17.12296092,4.12787905
oil,1,18,170.000000,179.900000,100,5.67536767,0.25800237,16.60941189,4.06728984
oil,1,19,180.000000,189.900000,100,5.41661404,0.31582490,14.60469343,3.80853621
oil,1,20,190.000000,199.900000,100,5.50150556,0.40579856,15.32345196,3.89342773
oil,1,21,200.000000,209.900000,100,5.52192190,0.34893138,15.43992854,3.91384407
oil,1,22,210.000000,219.900000,100,5.31850968,0.47277297,13.99081879,3.71043185
oil,1,23,220.000000,229.900000,100,4.95602724,0.67513370,11.66457074,3.34794941
oil,1,24,230.000000,239.900000,100,5.54521876,0.34048275,15.61700724,3.93714093
oil,1,25,240.000000,249.900000,100,5.64392972,0.64163408,16.69979479,4.03585189
oil,1,26,250.000000,259.900000,100,5.07002083,0.66056531,12.42139584,3.46194300
oil,1,27,260.000000,269.900000,100,5.68607956,0.43748842,16.82149421,4.07800173
oil,1,28,270.000000,279.900000,100,5.99549486,0.30916642,19.34501209,4.38741703
oil,1,29,280.000000,289.900000,100,5.75985098,0.41314895,17.40791236,4.15177315
oil,1,30,290.000000,299.900000,100,5.50251529,0.58344473,15.50705089,3.89443746
oil,1,31,300.000000,309.900000,100,5.92136738,0.31129546,18.70137162,4.31328955
oil,1,32,310.000000,319.900000,100,5.98386670,0.30267705,19.23914160,4.37578887
oil,1,33,320.000000,329.900000,100,5.85365912,0.35543212,18.15129246,4.24558129
oil,1,34,330.000000,339.900000,100,5.46568919,0.50822362,15.13945662,3.85761136
oil,1,35,340.000000,349.900000,100,5.80181362,0.50387194,17.84130681,4.19373579
oil,1,36,350.000000,359.900000,100,5.97163412,0.47534240,19.26657388,4.36355629
oil,1,37,360.000000,369.900000,100,5.91163463,0.46794885,18.73957724,4.30355680
oil,1,38,370.000000,379.900000,100,6.12276231,0.48621524,20.61878119,4.51468448
oil,1,39,380.000000,389.900000,100,6.30711222,0.29535225,22.16815716,4.69903439
oil,1,40,390.000000,399.900000,100,5.80891291,0.75777759,18.22124227,4.20083508
oil,1,41,400.000000,409.900000,100,6.02071581,0.56039748,19.78541927,4.41263798
oil,1,42,410.000000,419.900000,100,6.27205920,0.35009982,21.87529210,4.66398137
oil,1,43,420.000000,429.900000,100,6.26629893,0.32010103,21.80148847,4.65822110
oil,1,44,430.000000,439.900000,100,6.08032826,0.51435647,20.26558651,4.47225043
oil,1,45,440.000000,449.900000,100,5.55495146,0.98660700,16.55120480,3.94687363
oil,1,46,450.000000,459.900000,100,5.70585104,0.51664827,17.05867068,4.09777321
oil,1,47,460.000000,469.900000,100,5.74276586,0.43822621,17.28768730,4.13468803
oil,1,48,470.000000,479.900000,100,6.22944901,0.33935218,21.47223151,4.62137118
oil,1,49,480.000000,489.900000,100,6.11931432,0.34285750,20.46880592,4.51123649
oil,1,50,490.000000,499.900000,100,5.83258276,0.70303025,18.34069342,4.22450493
oil,2,1,0.000000,9.900000,100,5.12151662,0.58362978,0.36348854,0.15121119
oil,2,2,10.000000,19.900000,100,3.90938492,1.00999783,2.14564795,-1.06092051
oil,2,3,20.000000,29.900000,100,3.52358141,0.46440590,2.30868324,-1.44672402
oil,2,4,30.000000,39.900000,100,4.59540441,0.57731181,0.47383971,-0.37490102
oil,2,5,40.000000,49.900000,100,4.32271463,0.75163202,0.98432454,-0.64759080
oil,2,6,50.000000,59.900000,100,4.38543458,0.41210254,0.51190241,-0.58487085
oil,2,7,60.000000,69.900000,100,4.29220256,0.52532399,0.73578880,-0.67810287
oil,2,8,70.000000,79.900000,100,4.22806447,0.38313303,0.69771255,-0.74224096
oil,2,9,80.000000,89.900000,100,4.60123123,0.34257713,0.25357486,-0.36907420
oil,2,10,90.000000,99.900000,100,3.53726411,0.41717519,2.22764257,-1.43304132
oil,2,11,100.000000,109.900000,100,3.33040211,0.29517023,2.77640836,-1.63990332
oil,2,12,110.000000,119.900000,100,3.28432318,0.63903083,3.25089655,-1.68598225
oil,2,13,120.000000,129.900000,100,3.17222969,0.31902403,3.33485270,-1.79807574
oil,2,14,130.000000,139.900000,100,2.56279852,0.69728513,6.28229609,-2.40750691
oil,2,15,140.000000,149.900000,100,3.48641962,0.68177770,2.66673794,-1.48388581
oil,2,16,150.000000,159.900000,100,1.85755270,1.33825968,11.48016853,-3.11275273
oil,2,17,160.000000,169.900000,100,1.56805969,0.90985638,12.40311468,-3.40224574
oil,2,18,170.000000,179.900000,100,3.07542210,0.45910581,3.80136099,-1.89488333
oil,2,19,180.000000,189.900000,100,1.80731138,2.40372230,15.78241226,-3.16299405
oil,2,20,190.000000,199.900000,100,-3.83600162,0.69249534,78.03059368,-8.80630705
oil,2,21,200.000000,209.900000,100,-4.26029303,0.47302236,85.42769805,-9.23059846
oil,2,22,210.000000,219.900000,100,-4.17108688,0.51723717,83.83258767,-9.14139231
oil,2,23,220.000000,229.900000,100,-3.69104244,0.52967580,75.29950339,-8.66134787
oil,2,24,230.000000,239.900000,100,-3.91262491,0.44516808,79.10462605,-8.88293034
oil,2,25,240.000000,249.900000,100,-4.13240926,0.50315084,83.11257546,-9.10271469
oil,2,26,250.000000,259.900000,100,-4.62571968,0.50706565,92.34081339,-9.59602511
oil,2,27,260.000000,269.900000,100,-4.46984453,0.41447846,89.28822359,-9.44014996
oil,2,28,270.000000,279.900000,100,-4.56635494,0.39510904,91.10400210,-9.53666037
oil,2,29,280.000000,289.900000,100,-4.20202190,0.66547037,84.57443952,-9.17232733
oil,2,30,290.000000,299.900000,100,-4.30428275,0.51402496,86.28220753,-9.27458818
oil,2,31,300.000000,309.900000,100,-3.78604810,0.62687402,77.06669815,-8.75635353
oil,2,32,310.000000,319.900000,100,-4.76981292,0.49263230,95.11259199,-9.74011835
oil,2,33,320.000000,329.900000,100,-4.41345374,0.41708420,88.22889532,-9.38375917
oil,2,34,330.000000,339.900000,100,-3.94709739,0.95121818,80.42488901,-8.91740282
oil,2,35,340.000000,349.900000,100,-4.88389107,0.42250397,97.28369834,-9.85419650
oil,2,36,350.000000,359.900000,100,-4.93349799,0.32770411,98.19271214,-9.90380342
oil,2,37,360.000000,369.900000,100,-5.01813777,0.33938757,99.88418151,-9.98844320
oil,2,38,370.000000,379.900000,100,-4.58677016,0.50138023,91.58907597,-9.55707559
oil,2,39,380.000000,389.900000,100,-4.22235321,0.39052665,84.65748397,-9.19265864
oil,2,40,390.000000,399.900000,100,-5.07821048,0.36807819,101.10815363,-10.04851591
oil,2,41,400.000000,409.900000,100,-4.96069021,0.45062402,98.82773632,-9.93099564
oil,2,42,410.000000,419.900000,100,-4.68472403,0.50832133,93.47798440,-9.65502946
oil,2,43,420.000000,429.900000,100,-5.06583292,0.35708446,100.85158232,-10.03613835
oil,2,44,430.000000,439.900000,100,-5.34195631,0.38569642,106.49150402,-10.31226174
oil,2,45,440.000000,449.900000,100,-4.72741675,0.65318547,94.47246671,-9.69772218
oil,2,46,450.000000,459.900000,100,-4.60643200,0.49005667,91.95405537,-9.57673743
oil,2,47,460.000000,469.900000,100,-4.44988753,0.56168259,89.05552279,-9.42019296
oil,2,48,470.000000,479.900000,100,-4.99552635,0.35629953,99.44475248,-9.96583178
oil,2,49,480.000000,489.900000,100,-4.82421270,0.50055386,96.18313952,-9.79451813
oil,2,50,490.000000,499.900000,100,-4.95371597,0.43832917,98.67833327,-9.92402140
