r_A,pair,ML_g,ML_sem,AIMD_g,AIMD_sem,difference_ML_minus_AIMD
0.00500,Si-O,0,0,0,0,0
0.00500,O-O,0,0,0,0,0
0.00500,O-H,0,0,0,0,0
0.01500,Si-O,0,0,0,0,0
0.01500,O-O,0,0,0,0,0
0.01500,O-H,0,0,0,0,0
0.02500,Si-O,0,0,0,0,0
0.02500,O-O,0,0,0,0,0
0.02500,O-H,0,0,0,0,0
0.03500,Si-O,0,0,0,0,0
0.03500,O-O,0,0,0,0,0
0.03500,O-H,0,0,0,0,0
0.04500,Si-O,0,0,0,0,0
0.04500,O-O,0,0,0,0,0
0.04500,O-H,0,0,0,0,0
0.05500,Si-O,0,0,0,0,0
0.05500,O-O,0,0,0,0,0
0.05500,O-H,0,0,0,0,0
0.06500,Si-O,0,0,0,0,0
0.06500,O-O,0,0,0,0,0
0.06500,O-H,0,0,0,0,0
0.07500,Si-O,0,0,0,0,0
0.07500,O-O,0,0,0,0,0
0.07500,O-H,0,0,0,0,0
0.08500,Si-O,0,0,0,0,0
0.08500,O-O,0,0,0,0,0
0.08500,O-H,0,0,0,0,0
0.09500,Si-O,0,0,0,0,0
0.09500,O-O,0,0,0,0,0
0.09500,O-H,0,0,0,0,0
0.10500,Si-O,0,0,0,0,0
0.10500,O-O,0,0,0,0,0
0.10500,O-H,0,0,0,0,0
0.11500,Si-O,0,0,0,0,0
0.11500,O-O,0,0,0,0,0
0.11500,O-H,0,0,0,0,0
0.12500,Si-O,0,0,0,0,0
0.12500,O-O,0,0,0,0,0
0.12500,O-H,0,0,0,0,0
0.13500,Si-O,0,0,0,0,0
0.13500,O-O,0,0,0,0,0
0.13500,O-H,0,0,0,0,0
0.14500,Si-O,0,0,0,0,0
0.14500,O-O,0,0,0,0,0
0.14500,O-H,0,0,0,0,0
0.15500,Si-O,0,0,0,0,0
0.15500,O-O,0,0,0,0,0
0.15500,O-H,0,0,0,0,0
0.16500,Si-O,0,0,0,0,0
0.16500,O-O,0,0,0,0,0
0.16500,O-H,0,0,0,0,0
0.17500,Si-O,0,0,0,0,0
0.17500,O-O,0,0,0,0,0
0.17500,O-H,0,0,0,0,0
0.18500,Si-O,0,0,0,0,0
0.18500,O-O,0,0,0,0,0
0.18500,O-H,0,0,0,0,0
0.19500,Si-O,0,0,0,0,0
0.19500,O-O,0,0,0,0,0
0.19500,O-H,0,0,0,0,0
0.20500,Si-O,0,0,0,0,0
0.20500,O-O,0,0,0,0,0
0.20500,O-H,0,0,0,0,0
0.21500,Si-O,0,0,0,0,0
0.21500,O-O,0,0,0,0,0
0.21500,O-H,0,0,0,0,0
0.22500,Si-O,0,0,0,0,0
0.22500,O-O,0,0,0,0,0
0.22500,O-H,0,0,0,0,0
0.23500,Si-O,0,0,0,0,0
0.23500,O-O,0,0,0,0,0
0.23500,O-H,0,0,0,0,0
0.24500,Si-O,0,0,0,0,0
0.24500,O-O,0,0,0,0,0
0.24500,O-H,0,0,0,0,0
0.25500,Si-O,0,0,0,0,0
0.25500,O-O,0,0,0,0,0
0.25500,O-H,0,0,0,0,0
0.26500,Si-O,0,0,0,0,0
0.26500,O-O,0,0,0,0,0
0.26500,O-H,0,0,0,0,0
0.27500,Si-O,0,0,0,0,0
0.27500,O-O,0,0,0,0,0
0.27500,O-H,0,0,0,0,0
0.28500,Si-O,0,0,0,0,0
0.28500,O-O,0,0,0,0,0
0.28500,O-H,0,0,0,0,0
0.29500,Si-O,0,0,0,0,0
0.29500,O-O,0,0,0,0,0
0.29500,O-H,0,0,0,0,0
0.30500,Si-O,0,0,0,0,0
0.30500,O-O,0,0,0,0,0
0.30500,O-H,0,0,0,0,0
0.31500,Si-O,0,0,0,0,0
0.31500,O-O,0,0,0,0,0
0.31500,O-H,0,0,0,0,0
0.32500,Si-O,0,0,0,0,0
0.32500,O-O,0,0,0,0,0
0.32500,O-H,0,0,0,0,0
0.33500,Si-O,0,0,0,0,0
0.33500,O-O,0,0,0,0,0
0.33500,O-H,0,0,0,0,0
0.34500,Si-O,0,0,0,0,0
0.34500,O-O,0,0,0,0,0
0.34500,O-H,0,0,0,0,0
0.35500,Si-O,0,0,0,0,0
0.35500,O-O,0,0,0,0,0
0.35500,O-H,0,0,0,0,0
0.36500,Si-O,0,0,0,0,0
0.36500,O-O,0,0,0,0,0
0.36500,O-H,0,0,0,0,0
0.37500,Si-O,0,0,0,0,0
0.37500,O-O,0,0,0,0,0
0.37500,O-H,0,0,0,0,0
0.38500,Si-O,0,0,0,0,0
0.38500,O-O,0,0,0,0,0
0.38500,O-H,0,0,0,0,0
0.39500,Si-O,0,0,0,0,0
0.39500,O-O,0,0,0,0,0
0.39500,O-H,0,0,0,0,0
0.40500,Si-O,0,0,0,0,0
0.40500,O-O,0,0,0,0,0
0.40500,O-H,0,0,0,0,0
0.41500,Si-O,0,0,0,0,0
0.41500,O-O,0,0,0,0,0
0.41500,O-H,0,0,0,0,0
0.42500,Si-O,0,0,0,0,0
0.42500,O-O,0,0,0,0,0
0.42500,O-H,0,0,0,0,0
0.43500,Si-O,0,0,0,0,0
0.43500,O-O,0,0,0,0,0
0.43500,O-H,0,0,0,0,0
0.44500,Si-O,0,0,0,0,0
0.44500,O-O,0,0,0,0,0
0.44500,O-H,0,0,0,0,0
0.45500,Si-O,0,0,0,0,0
0.45500,O-O,0,0,0,0,0
0.45500,O-H,0,0,0,0,0
0.46500,Si-O,0,0,0,0,0
0.46500,O-O,0,0,0,0,0
0.46500,O-H,0,0,0,0,0
0.47500,Si-O,0,0,0,0,0
0.47500,O-O,0,0,0,0,0
0.47500,O-H,0,0,0,0,0
0.48500,Si-O,0,0,0,0,0
0.48500,O-O,0,0,0,0,0
0.48500,O-H,0,0,0,0,0
0.49500,Si-O,0,0,0,0,0
0.49500,O-O,0,0,0,0,0
0.49500,O-H,0,0,0,0,0
0.50500,Si-O,0,0,0,0,0
0.50500,O-O,0,0,0,0,0
0.50500,O-H,0,0,0,0,0
0.51500,Si-O,0,0,0,0,0
0.51500,O-O,0,0,0,0,0
0.51500,O-H,0,0,0,0,0
0.52500,Si-O,0,0,0,0,0
0.52500,O-O,0,0,0,0,0
0.52500,O-H,0,0,0,0,0
0.53500,Si-O,0,0,0,0,0
0.53500,O-O,0,0,0,0,0
0.53500,O-H,0,0,0,0,0
0.54500,Si-O,0,0,0,0,0
0.54500,O-O,0,0,0,0,0
0.54500,O-H,0,0,0,0,0
0.55500,Si-O,0,0,0,0,0
0.55500,O-O,0,0,0,0,0
0.55500,O-H,0,0,0,0,0
0.56500,Si-O,0,0,0,0,0
0.56500,O-O,0,0,0,0,0
0.56500,O-H,0,0,0,0,0
0.57500,Si-O,0,0,0,0,0
0.57500,O-O,0,0,0,0,0
0.57500,O-H,0,0,0,0,0
0.58500,Si-O,0,0,0,0,0
0.58500,O-O,0,0,0,0,0
0.58500,O-H,0,0,0,0,0
0.59500,Si-O,0,0,0,0,0
0.59500,O-O,0,0,0,0,0
0.59500,O-H,0,0,0,0,0
0.60500,Si-O,0,0,0,0,0
0.60500,O-O,0,0,0,0,0
0.60500,O-H,0,0,0,0,0
0.61500,Si-O,0,0,0,0,0
0.61500,O-O,0,0,0,0,0
0.61500,O-H,0,0,0,0,0
0.62500,Si-O,0,0,0,0,0
0.62500,O-O,0,0,0,0,0
0.62500,O-H,0,0,0,0,0
0.63500,Si-O,0,0,0,0,0
0.63500,O-O,0,0,0,0,0
0.63500,O-H,0,0,0,0,0
0.64500,Si-O,0,0,0,0,0
0.64500,O-O,0,0,0,0,0
0.64500,O-H,0,0,0,0,0
0.65500,Si-O,0,0,0,0,0
0.65500,O-O,0,0,0,0,0
0.65500,O-H,0,0,0,0,0
0.66500,Si-O,0,0,0,0,0
0.66500,O-O,0,0,0,0,0
0.66500,O-H,0,0,0,0,0
0.67500,Si-O,0,0,0,0,0
0.67500,O-O,0,0,0,0,0
0.67500,O-H,0,0,0,0,0
0.68500,Si-O,0,0,0,0,0
0.68500,O-O,0,0,0,0,0
0.68500,O-H,0,0,0,0,0
0.69500,Si-O,0,0,0,0,0
0.69500,O-O,0,0,0,0,0
0.69500,O-H,0,0,0,0,0
0.70500,Si-O,0,0,0,0,0
0.70500,O-O,0,0,0,0,0
0.70500,O-H,0,0,0,0,0
0.71500,Si-O,0,0,0,0,0
0.71500,O-O,0,0,0,0,0
0.71500,O-H,0,0,0,0,0
0.72500,Si-O,0,0,0,0,0
0.72500,O-O,0,0,0,0,0
0.72500,O-H,0,0,0,0,0
0.73500,Si-O,0,0,0,0,0
0.73500,O-O,0,0,0,0,0
0.73500,O-H,0,0,0,0,0
0.74500,Si-O,0,0,0,0,0
0.74500,O-O,0,0,0,0,0
0.74500,O-H,0,0,0,0,0
0.75500,Si-O,0,0,0,0,0
0.75500,O-O,0,0,0,0,0
0.75500,O-H,0,0,0,0,0
0.76500,Si-O,0,0,0,0,0
0.76500,O-O,0,0,0,0,0
0.76500,O-H,0,0,0,0,0
0.77500,Si-O,0,0,0,0,0
0.77500,O-O,0,0,0,0,0
0.77500,O-H,0,0,0,0,0
0.78500,Si-O,0,0,0,0,0
0.78500,O-O,0,0,0,0,0
0.78500,O-H,0,0,0,0,0
0.79500,Si-O,0,0,0,0,0
0.79500,O-O,0,0,0,0,0
0.79500,O-H,0,0,0,0,0
0.80500,Si-O,0,0,0,0,0
0.80500,O-O,0,0,0,0,0
0.80500,O-H,0,0,0,0,0
0.81500,Si-O,0,0,0,0,0
0.81500,O-O,0,0,0,0,0
0.81500,O-H,0,0,0,0,0
0.82500,Si-O,0,0,0,0,0
0.82500,O-O,0,0,0,0,0
0.82500,O-H,0,0,0,0,0
0.83500,Si-O,0,0,0,0,0
0.83500,O-O,0,0,0,0,0
0.83500,O-H,0,0,0,0,0
0.84500,Si-O,0,0,0,0,0
0.84500,O-O,0,0,0,0,0
0.84500,O-H,0,0,0,0,0
0.85500,Si-O,0,0,0,0,0
0.85500,O-O,0,0,0,0,0
0.85500,O-H,0,0,0,0,0
0.86500,Si-O,0,0,0,0,0
0.86500,O-O,0,0,0,0,0
0.86500,O-H,0,0,0,0,0
0.87500,Si-O,0,0,0,0,0
0.87500,O-O,0,0,0,0,0
0.87500,O-H,0,0,0,0,0
0.88500,Si-O,0,0,0,0,0
0.88500,O-O,0,0,0,0,0
0.88500,O-H,0,0,0.001888146923,0.001887202613,-0.001888146923
0.89500,Si-O,0,0,0,0,0
0.89500,O-O,0,0,0,0,0
0.89500,O-H,0.007384759392,0.003684987537,0.00923094924,0.004117872552,-0.001846189848
0.90500,Si-O,0,0,0,0,0
0.90500,O-O,0,0,0,0,0
0.90500,O-H,0.06861340414,0.01091703504,0.08486394722,0.01208427916,-0.01625054309
0.91500,Si-O,0,0,0,0,0
0.91500,O-O,0,0,0,0,0
0.91500,O-H,0.3126465947,0.02393870934,0.3356093389,0.02408352934,-0.02296274424
0.92500,Si-O,0,0,0,0,0
0.92500,O-O,0,0,0,0,0
0.92500,O-H,1.183940354,0.04493040286,1.275544498,0.04769063876,-0.09160414417
0.93500,Si-O,0,0,0,0,0
0.93500,O-O,0,0,0,0,0
0.93500,O-H,3.559142047,0.08100634498,3.694470642,0.0778901007,-0.1353285949
0.94500,Si-O,0,0,0,0,0
0.94500,O-O,0,0,0,0,0
0.94500,O-H,8.351187716,0.1168287382,8.400867595,0.1189976978,-0.04967987933
0.95500,Si-O,0,0,0,0,0
0.95500,O-O,0,0,0,0,0
0.95500,O-H,16.1079544,0.1542183249,16.15822082,0.1539634975,-0.050266417
0.96500,Si-O,0,0,0,0,0
0.96500,O-O,0,0,0,0,0
0.96500,O-H,26.33647966,0.1989520046,26.20149408,0.1990727403,0.1349855747
0.97500,Si-O,0,0,0,0,0
0.97500,O-O,0,0,0,0,0
0.97500,O-H,35.52187695,0.2231077354,35.52498826,0.2195908335,-0.003111314439
0.98500,Si-O,0,0,0,0,0
0.98500,O-O,0,0,0,0,0
0.98500,O-H,41.61759996,0.2396563293,41.34476263,0.227071397,0.2728373276
0.99500,Si-O,0,0,0,0,0
0.99500,O-O,0,0,0,0,0
0.99500,O-H,42.30740447,0.2295937253,41.7965429,0.2262750512,0.5108615729
1.00500,Si-O,0,0,0,0,0
1.00500,O-O,0,0,0,0,0
1.00500,O-H,38.20456462,0.2270942387,37.96004838,0.2335086902,0.2445162416
1.01500,Si-O,0,0,0,0,0
1.01500,O-O,0,0,0,0,0
1.01500,O-H,30.55952586,0.1886387751,30.41310886,0.1986131705,0.1464170059
1.02500,Si-O,0,0,0,0,0
1.02500,O-O,0,0,0,0,0
1.02500,O-H,21.85140698,0.1682608712,21.83310833,0.1699973201,0.0182986531
1.03500,Si-O,0,0,0,0,0
1.03500,O-O,0,0,0,0,0
1.03500,O-H,14.01366389,0.1354472796,14.4043512,0.1398464161,-0.3906873097
1.04500,Si-O,0,0,0,0,0
1.04500,O-O,0,0,0,0,0
1.04500,O-H,8.627771951,0.1036434769,8.853927643,0.1048677618,-0.2261556923
1.05500,Si-O,0,0,0,0,0
1.05500,O-O,0,0,0,0,0
1.05500,O-H,4.856307269,0.07856026424,4.989174773,0.08292225687,-0.1328675039
1.06500,Si-O,0,0,0,0,0
1.06500,O-O,0,0,0,0,0
1.06500,O-H,2.585516151,0.0595030252,2.627239054,0.05843730624,-0.0417229031
1.07500,Si-O,0,0,0,0,0
1.07500,O-O,0,0,0,0,0
1.07500,O-H,1.240025637,0.03817784457,1.314248018,0.04240935282,-0.07422238074
1.08500,Si-O,0,0,0,0,0
1.08500,O-O,0,0,0,0,0
1.08500,O-H,0.6394140559,0.02853350729,0.6708194614,0.02771783516,-0.0314054055
1.09500,Si-O,0,0,0,0,0
1.09500,O-O,0,0,0,0,0
1.09500,O-H,0.2997105041,0.01902564801,0.2873767385,0.01897601044,0.0123337656
1.10500,Si-O,0,0,0,0,0
1.10500,O-O,0,0,0,0,0
1.10500,O-H,0.1295934957,0.01244315764,0.1199042624,0.01181722815,0.009689233325
1.11500,Si-O,0,0,0,0,0
1.11500,O-O,0,0,0,0,0
1.11500,O-H,0.0475810797,0.007560751842,0.06185540361,0.008845475005,-0.01427432391
1.12500,Si-O,0,0,0,0,0
1.12500,O-O,0,0,0,0,0
1.12500,O-H,0.0292118493,0.005768878005,0.03154879724,0.005989041811,-0.002336947944
1.13500,Si-O,0,0,0,0,0
1.13500,O-O,0,0,0,0,0
1.13500,O-H,0.005739874795,0.002560524628,0.01377569951,0.003952769685,-0.008035824713
1.14500,Si-O,0,0,0,0,0
1.14500,O-O,0,0,0,0,0
1.14500,O-H,0.001128010685,0.001127446538,0.001128010685,0.001127446538,0
1.15500,Si-O,0,0,0,0,0
1.15500,O-O,0,0,0,0,0
1.15500,O-H,0.004434250842,0.002212686727,0.003325688132,0.001917204644,0.001108562711
1.16500,Si-O,0,0,0,0,0
1.16500,O-O,0,0,0,0,0
1.16500,O-H,0,0,0,0,0
1.17500,Si-O,0,0,0,0,0
1.17500,O-O,0,0,0,0,0
1.17500,O-H,0,0,0,0,0
1.18500,Si-O,0,0,0,0,0
1.18500,O-O,0,0,0,0,0
1.18500,O-H,0.001053143785,0.001052617082,0.001053143785,0.001052617082,0
1.19500,Si-O,0,0,0,0,0
1.19500,O-O,0,0,0,0,0
1.19500,O-H,0,0,0.001035591798,0.001035073873,-0.001035591798
1.20500,Si-O,0,0,0,0,0
1.20500,O-O,0,0,0,0,0
1.20500,O-H,0,0,0,0,0
1.21500,Si-O,0,0,0,0,0
1.21500,O-O,0,0,0,0,0
1.21500,O-H,0,0,0,0,0
1.22500,Si-O,0,0,0,0,0
1.22500,O-O,0,0,0,0,0
1.22500,O-H,0,0,0,0,0
1.23500,Si-O,0,0,0,0,0
1.23500,O-O,0,0,0,0,0
1.23500,O-H,0,0,0,0,0
1.24500,Si-O,0,0,0,0,0
1.24500,O-O,0,0,0,0,0
1.24500,O-H,0,0,0,0,0
1.25500,Si-O,0,0,0,0,0
1.25500,O-O,0,0,0,0,0
1.25500,O-H,0,0,0,0,0
1.26500,Si-O,0,0,0,0,0
1.26500,O-O,0,0,0,0,0
1.26500,O-H,0,0,0.0009241524828,0.0009236902909,-0.0009241524828
1.27500,Si-O,0,0,0,0,0
1.27500,O-O,0,0,0,0,0
1.27500,O-H,0,0,0,0,0
1.28500,Si-O,0,0,0,0,0
1.28500,O-O,0,0,0,0,0
1.28500,O-H,0,0,0,0,0
1.29500,Si-O,0,0,0,0,0
1.29500,O-O,0,0,0,0,0
1.29500,O-H,0,0,0.0008818307774,0.0008813897517,-0.0008818307774
1.30500,Si-O,0,0,0,0,0
1.30500,O-O,0,0,0,0,0
1.30500,O-H,0,0,0,0,0
1.31500,Si-O,0,0,0,0,0
1.31500,O-O,0,0,0,0,0
1.31500,O-H,0,0,0.0008552111386,0.0008547834261,-0.0008552111386
1.32500,Si-O,0,0,0,0,0
1.32500,O-O,0,0,0,0,0
1.32500,O-H,0.0008423510649,0.0008419297841,0.0008423510649,0.0008419297841,0
1.33500,Si-O,0,0,0,0,0
1.33500,O-O,0,0,0,0,0
1.33500,O-H,0,0,0.001659557792,0.001172310497,-0.001659557792
1.34500,Si-O,0,0,0,0,0
1.34500,O-O,0,0,0,0,0
1.34500,O-H,0.001634972204,0.001154943254,0.003269944408,0.001631698983,-0.001634972204
1.35500,Si-O,0,0,0,0,0
1.35500,O-O,0,0,0,0,0
1.35500,O-H,0.003221857863,0.001607703845,0.003221857863,0.001607703845,0
1.36500,Si-O,0,0,0,0,0
1.36500,O-O,0,0,0,0,0
1.36500,O-H,0.006349648566,0.002235941989,0.003968530354,0.001770338217,0.002381118212
1.37500,Si-O,0,0,0,0,0
1.37500,O-O,0,0,0,0,0
1.37500,O-H,0.003128813148,0.001561274626,0.003128813148,0.001561274626,0
1.38500,Si-O,0,0,0,0,0
1.38500,O-O,0,0,0,0,0
1.38500,O-H,0.00848043635,0.002542845666,0.00848043635,0.002542845666,0
1.39500,Si-O,0,0,0,0,0
1.39500,O-O,0,0,0,0,0
1.39500,O-H,0.01063909552,0.0028234438,0.02279806182,0.004099427091,-0.0121589663
1.40500,Si-O,0,0,0,0,0
1.40500,O-O,0,0,0,0,0
1.40500,O-H,0.006742407155,0.002237332582,0.02247469052,0.004177848237,-0.01573228336
1.41500,Si-O,0,0,0,0,0
1.41500,O-O,0,0,0,0,0
1.41500,O-H,0.01477210057,0.003269943853,0.03323722628,0.004953336656,-0.01846512571
1.42500,Si-O,0,0,0,0,0
1.42500,O-O,0,0,0,0,0
1.42500,O-H,0.02767445219,0.004403264467,0.05316407921,0.006078850439,-0.02548962702
1.43500,Si-O,0,0,0,0,0
1.43500,O-O,0,0,0,0,0
1.43500,O-H,0.0359080145,0.005052705514,0.0502712203,0.005794445492,-0.0143632058
1.44500,Si-O,0,0,0,0,0
1.44500,O-O,0,0,0,0,0
1.44500,O-H,0.05524387354,0.006171008979,0.07932453637,0.00740984812,-0.02408066283
1.45500,Si-O,0,0,0,0,0
1.45500,O-O,0,0,0,0,0
1.45500,O-H,0.0621712011,0.006518624545,0.1082756873,0.008752144854,-0.04610448621
1.46500,Si-O,0,0,0,0,0
1.46500,O-O,0,0,0,0,0
1.46500,O-H,0.09646683886,0.008280062371,0.1192054509,0.009064882166,-0.02273861202
1.47500,Si-O,0,0,0,0,0
1.47500,O-O,0,0,0,0,0
1.47500,O-H,0.1046795782,0.008164889847,0.1604180549,0.01013479298,-0.0557384767
1.48500,Si-O,0,0,0,0,0
1.48500,O-O,0,0,0,0,0
1.48500,O-H,0.1475350063,0.01007260832,0.1971604175,0.01191286239,-0.04962541121
1.49500,Si-O,0,0,0,0,0
1.49500,O-O,0,0,0.002034529741,0.002033512221,-0.002034529741
1.49500,O-H,0.1746814827,0.01046831633,0.2739323251,0.01327645065,-0.09925084243
1.50500,Si-O,0,0,0,0,0
1.50500,O-O,0,0,0.002007582723,0.002006578681,-0.002007582723
1.50500,O-H,0.2291708977,0.0117123676,0.3258013617,0.01448219729,-0.096630464
1.51500,Si-O,0,0,0,0,0
1.51500,O-O,0,0,0.00396233509,0.002798990815,-0.00396233509
1.51500,O-H,0.29960776,0.01361897857,0.4155849574,0.01628703532,-0.1159771974
1.52500,Si-O,0,0,0.02395206119,0.01195205453,-0.02395206119
1.52500,O-O,0,0,0.01173162181,0.004775024686,-0.01173162181
1.52500,O-H,0.3541937544,0.01535066582,0.4877317946,0.01845971685,-0.1335380403
1.53500,Si-O,0,0,0.2718714984,0.03915245078,-0.2718714984
1.53500,O-O,0,0,0.007719510158,0.003852027834,-0.007719510158
1.53500,O-H,0.4205169001,0.01647592387,0.5290981296,0.01795471271,-0.1085812294
1.54500,Si-O,0,0,0.7292487175,0.06837849121,-0.7292487175
1.54500,O-O,0,0,0.03047961986,0.007558699919,-0.03047961986
1.54500,O-H,0.5278470009,0.01808475905,0.6375053567,0.02041809246,-0.1096583558
1.55500,Si-O,0,0,2.188494492,0.1119123084,-2.188494492
1.55500,O-O,0,0,0.05453606037,0.009979169004,-0.05453606037
1.55500,O-H,0.6440106287,0.01976308036,0.775503777,0.02235612335,-0.1314931483
1.56500,Si-O,5.685831475,0,4.685125135,0.166646667,1.00070634
1.56500,O-O,0,0,0.09097330359,0.01294289871,-0.09097330359
1.56500,O-H,0.75234117,0.02092935197,0.8900087356,0.02379730693,-0.1376675656
1.57500,Si-O,0,0,9.498650936,0.2257536819,-9.498650936
1.57500,O-O,0,0,0.1356491859,0.01561084267,-0.1356491859
1.57500,O-H,0.8537041449,0.02188309651,1.063553208,0.02501995154,-0.2098490635
1.58500,Si-O,22.17298495,1.243439179e-07,16.96233349,0.2848387249,5.210651464
1.58500,O-O,0,0,0.2208248297,0.0194202993,-0.2208248297
1.58500,O-H,0.958932544,0.02455057046,1.134354213,0.02548083414,-0.1754216686
1.59500,Si-O,21.89582627,0,25.93560622,0.3617517531,-4.039779947
1.59500,O-O,0,0,0.2502380146,0.02009549863,-0.2502380146
1.59500,O-H,1.101573207,0.02504322243,1.275964743,0.02685966222,-0.1743915367
1.60500,Si-O,21.62383195,9.62573492e-08,35.74419422,0.4395630946,-14.12036226
1.60500,O-O,0,0,0.308911885,0.02207395893,-0.308911885
1.60500,O-H,1.279059228,0.02701256633,1.398468707,0.02812369657,-0.1194094791
1.61500,Si-O,37.37453033,0,45.05766592,0.4758283056,-7.683135592
1.61500,O-O,0,0,0.3748349398,0.02420621923,-0.3748349398
1.61500,O-H,1.330741179,0.02861278334,1.421460645,0.02844013121,-0.0907194668
1.62500,Si-O,31.64224536,1.738985303e-07,50.80689864,0.4724030514,-19.16465328
1.62500,O-O,0,0,0.4305067397,0.02597351021,-0.4305067397
1.62500,O-H,1.452183048,0.02847597499,1.674518825,0.03111069909,-0.2223357772
1.63500,Si-O,46.8845537,2.714204687e-07,51.99497006,0.497344149,-5.110416354
1.63500,O-O,0,0,0.5579368205,0.02908785827,-0.5579368205
1.63500,O-H,1.603202792,0.02992245732,1.756441982,0.03067386482,-0.1532391903
1.64500,Si-O,66.9012689,5.05537349e-07,49.02319135,0.4741628856,17.87807755
1.64500,O-O,1.680408638,0,0.4957205482,0.02761065314,1.18468809
1.64500,O-H,1.701815259,0.03022621921,1.852104019,0.03223765152,-0.1502887593
1.65500,Si-O,55.92674096,0,42.35179566,0.4447221558,13.57494531
1.65500,O-O,0,0,0.599318842,0.03028052659,-0.599318842
1.65500,O-H,1.828170023,0.03067110209,1.919956469,0.03139377058,-0.09178644535
1.66500,Si-O,50.23360699,1.206313194e-07,34.22415644,0.387939775,16.00945055
1.66500,O-O,1.640281045,0,0.4970051565,0.02730912773,1.143275888
1.66500,O-H,1.888961441,0.03139829778,2.115146036,0.0343064372,-0.226184595
1.67500,Si-O,29.78135698,1.461955043e-07,25.43327886,0.3421121996,4.348078119
1.67500,O-O,3.241508243,0,0.4829847281,0.0269842663,2.758523514
1.67500,O-H,2.094182854,0.03285962293,2.126336178,0.03441483997,-0.03215332346
1.68500,Si-O,34.33373886,7.688768147e-08,19.20236966,0.297532007,15.1313692
1.68500,O-O,0,0,0.4484406708,0.02458298438,-0.4484406708
1.68500,O-H,2.105860524,0.03133496499,2.250661223,0.03439276283,-0.1448006989
1.69500,Si-O,19.38846697,1.153315222e-07,13.31502969,0.2427912503,6.07343728
1.69500,O-O,0,0,0.3751074835,0.02362627133,-0.3751074835
1.69500,O-H,2.245802161,0.03284347905,2.289554897,0.03306884989,-0.04375273521
1.70500,Si-O,9.58085194,0,9.403606179,0.2035582152,0.1772457609
1.70500,O-O,0,0,0.3503854424,0.02244119827,-0.3503854424
1.70500,O-H,2.306017797,0.03476039743,2.294317288,0.03376713806,0.01170050945
1.71500,Si-O,0,0,5.961017483,0.1695215668,-5.961017483
1.71500,O-O,0,0,0.228812783,0.01868692019,-0.228812783
1.71500,O-H,2.297304832,0.03397263455,2.372725214,0.03546821691,-0.07542038188
1.72500,Si-O,0,0,4.179229189,0.1417620014,-4.179229189
1.72500,O-O,0,0,0.1971325513,0.01717796535,-0.1971325513
1.72500,O-H,2.331379456,0.03344087811,2.42531054,0.03360327795,-0.09393108444
1.73500,Si-O,0,0,2.673941013,0.1066953546,-2.673941013
1.73500,O-O,0,0,0.1555912291,0.01513544788,-0.1555912291
1.73500,O-H,2.390555833,0.03354400937,2.354692582,0.03477380339,0.03586325026
1.74500,Si-O,0,0,2.021409782,0.09267457519,-2.021409782
1.74500,O-O,0,0,0.1149864646,0.01310996382,-0.1149864646
1.74500,O-H,2.397717557,0.03450268413,2.400145871,0.03221023611,-0.002428314317
1.75500,Si-O,0,0,1.333800095,0.07804743636,-1.333800095
1.75500,O-O,0,0,0.0797235062,0.0105520072,-0.0797235062
1.75500,O-H,2.362788757,0.03419744389,2.384395238,0.03308761641,-0.02160648122
1.76500,Si-O,0,0,0.8761725338,0.06219683612,-0.8761725338
1.76500,O-O,0,0,0.04233070134,0.007745796449,-0.04233070134
1.76500,O-H,2.374068363,0.03273494239,2.357453207,0.03338877408,0.01661515551
1.77500,Si-O,0,0,0.5613451855,0.04819081147,-0.5613451855
1.77500,O-O,0,0,0.03175213005,0.006998934185,-0.03175213005
1.77500,O-H,2.372271118,0.03257099439,2.255394286,0.03155360998,0.1168768319
1.78500,Si-O,0,0,0.441436197,0.0430013414,-0.441436197
1.78500,O-O,0,0,0.009990069522,0.003762652534,-0.009990069522
1.78500,O-H,2.300743954,0.03040438821,2.269646547,0.03112129727,0.03109740668
1.79500,Si-O,0,0,0.2333930263,0.03149023748,-0.2333930263
1.79500,O-O,0,0,0.014112957,0.004440538252,-0.014112957
1.79500,O-H,2.26324683,0.03132620616,2.139321329,0.03101477456,0.1239255007
1.80500,Si-O,0,0,0.1538760828,0.02518015439,-0.1538760828
1.80500,O-O,0,0,0.00837420859,0.003408484641,-0.00837420859
1.80500,O-H,2.19330157,0.03093859283,2.09207925,0.03107263477,0.10122232
1.81500,Si-O,0,0,0.1268209617,0.02280427564,-0.1268209617
1.81500,O-O,0,0,0.005521456834,0.002755201428,-0.005521456834
1.81500,O-H,2.103207807,0.03068411127,2.048439108,0.02996723625,0.05476869849
1.82500,Si-O,0,0,0.04181165136,0.01315572897,-0.04181165136
1.82500,O-O,0,0,0,0,0
1.82500,O-H,2.001187037,0.02902105888,1.927036109,0.02832121923,0.07415092861
1.83500,Si-O,0,0,0.04549289953,0.01364097525,-0.04549289953
1.83500,O-O,0,0,0.001350438576,0.001349763188,-0.001350438576
1.83500,O-H,1.970212202,0.03012802427,1.876225263,0.02930435005,0.09398693966
1.84500,Si-O,0,0,0.04500108922,0.0134935067,-0.04500108922
1.84500,O-O,0,0,0,0,0
1.84500,O-H,1.948043933,0.02914899195,1.827703128,0.02811540273,0.120340805
1.85500,Si-O,0,0,0.01214105761,0.006999120515,-0.01214105761
1.85500,O-O,0,0,0,0,0
1.85500,O-H,1.796446754,0.02877739632,1.72510461,0.02522070839,0.07134214381
1.86500,Si-O,0,0,0,0,0
1.86500,O-O,0,0,0,0,0
1.86500,O-H,1.729188772,0.02672359443,1.686671221,0.02563745177,0.04251755033
1.87500,Si-O,0,0,0,0,0
1.87500,O-O,0,0,0,0,0
1.87500,O-H,1.622876969,0.02506268054,1.50046712,0.0244612573,0.1224098491
1.88500,Si-O,0,0,0,0,0
1.88500,O-O,0,0,0,0,0
1.88500,O-H,1.586974779,0.02644115769,1.447963613,0.02422404439,0.1390111661
1.89500,Si-O,0,0,0,0,0
1.89500,O-O,0,0,0,0,0
1.89500,O-H,1.468962199,0.02434100852,1.329767014,0.02331265017,0.1391951845
1.90500,Si-O,0,0,0,0,0
1.90500,O-O,0,0,0,0,0
1.90500,O-H,1.423832463,0.02305199603,1.281204712,0.02270101897,0.142627751
1.91500,Si-O,0,0,0.003797393487,0.003795494315,-0.003797393487
1.91500,O-O,0,0,0,0,0
1.91500,O-H,1.336413665,0.02334542559,1.271085055,0.02254271331,0.06532861008
1.92500,Si-O,0,0,0,0,0
1.92500,O-O,0,0,0,0,0
1.92500,O-H,1.223592069,0.02253905014,1.162133107,0.02138829057,0.06145896238
1.93500,Si-O,0,0,0,0,0
1.93500,O-O,0,0,0,0,0
1.93500,O-H,1.175035566,0.02141004855,1.069183622,0.02053521221,0.1058519434
1.94500,Si-O,0,0,0,0,0
1.94500,O-O,0,0,0,0,0
1.94500,O-H,1.064863356,0.02054398924,1.041799135,0.01991299716,0.02306422101
1.95500,Si-O,0,0,0,0,0
1.95500,O-O,0,0,0,0,0
1.95500,O-H,1.035037925,0.0205013609,0.9564911219,0.01922702177,0.0785468033
1.96500,Si-O,0,0,0,0,0
1.96500,O-O,0,0,0,0,0
1.96500,O-H,0.9789527935,0.01931356596,0.9008204109,0.01844024171,0.07813238258
1.97500,Si-O,0,0,0,0,0
1.97500,O-O,0,0,0,0,0
1.97500,O-H,0.9125736188,0.01880955819,0.8113450536,0.01763845665,0.1012285651
1.98500,Si-O,0,0,0,0,0
1.98500,O-O,0,0,0,0,0
1.98500,O-H,0.830964792,0.01703570534,0.7878026641,0.01759299191,0.04316212786
1.99500,Si-O,0,0,0,0,0
1.99500,O-O,0,0,0,0,0
1.99500,O-H,0.7684060442,0.01636331332,0.7308775091,0.01629794045,0.03752853504
2.00500,Si-O,0,0,0,0,0
2.00500,O-O,0,0,0,0,0
2.00500,O-H,0.7000613181,0.01623477121,0.6835070567,0.0157706891,0.01655426133
2.01500,Si-O,0,0,0,0,0
2.01500,O-O,0,0,0,0,0
2.01500,O-H,0.6763754855,0.01558356696,0.6144563511,0.01532812511,0.06191913437
2.02500,Si-O,0,0,0,0,0
2.02500,O-O,0,0,0,0,0
2.02500,O-H,0.6534828627,0.01509817141,0.5914524806,0.01427339705,0.06203038211
2.03500,Si-O,0,0,0,0,0
2.03500,O-O,0,0,0,0,0
2.03500,O-H,0.5660131391,0.01403556379,0.530659637,0.01393081763,0.03535350206
2.04500,Si-O,0,0,0,0,0
2.04500,O-O,0,0,0,0,0
2.04500,O-H,0.542102752,0.0142106438,0.4936565178,0.01320855171,0.0484462342
2.05500,Si-O,0,0,0,0,0
2.05500,O-O,0,0,0,0,0
2.05500,O-H,0.4979686866,0.01243992211,0.4643505474,0.01283682069,0.03361813918
2.06500,Si-O,0,0,0,0,0
2.06500,O-O,0,0,0,0,0
2.06500,O-H,0.4442578559,0.011512893,0.4137389712,0.01191190342,0.03051888472
2.07500,Si-O,0,0,0,0,0
2.07500,O-O,0,0,0,0,0
2.07500,O-H,0.4180040434,0.01152502658,0.4015174419,0.01155838918,0.01648660155
2.08500,Si-O,0,0,0,0,0
2.08500,O-O,0,0,0,0,0
2.08500,O-H,0.4068601696,0.01159416046,0.358554029,0.01066618986,0.04830614053
2.09500,Si-O,0,0,0,0,0
2.09500,O-O,0,0,0,0,0
2.09500,O-H,0.3804100745,0.01165437072,0.3436831497,0.01102997227,0.03672692482
2.10500,Si-O,0,0,0,0,0
2.10500,O-O,0,0,0,0,0
2.10500,O-H,0.3437630191,0.01049644008,0.3180642303,0.0103451405,0.0256987888
2.11500,Si-O,0,0,0,0,0
2.11500,O-O,0,0,0,0,0
2.11500,O-H,0.3352303649,0.01067083501,0.3061373944,0.01005227797,0.02909297052
2.12500,Si-O,0,0,0,0,0
2.12500,O-O,0,0,0,0,0
2.12500,O-H,0.2960579363,0.01013013491,0.2885254888,0.009608801996,0.007532447494
2.13500,Si-O,0,0,0,0,0
2.13500,O-O,0,0,0,0,0
2.13500,O-H,0.2601984846,0.009065654933,0.2605229216,0.009268859421,-0.0003244370132
2.14500,Si-O,0,0,0,0,0
2.14500,O-O,0,0,0,0,0
2.14500,O-H,0.2394571671,0.0086841149,0.2494211567,0.008952682292,-0.009963989505
2.15500,Si-O,0,0,0,0,0
2.15500,O-O,0,0,0,0,0
2.15500,O-H,0.2315080142,0.00898703851,0.2149489816,0.008263425447,0.01655903265
2.16500,Si-O,0,0,0,0,0
2.16500,O-O,0,0,0,0,0
2.16500,O-H,0.2129678991,0.008077097198,0.221486615,0.008137391075,-0.008518715962
2.17500,Si-O,0,0,0,0,0
2.17500,O-O,0,0,0,0,0
2.17500,O-H,0.210388852,0.008080141564,0.2035113561,0.007915968873,0.006877495904
2.18500,Si-O,0,0,0,0,0
2.18500,O-O,0,0,0,0,0
2.18500,O-H,0.1976259567,0.0076814875,0.1843063389,0.007414658327,0.01331961777
2.19500,Si-O,0,0,0,0,0
2.19500,O-O,0,0,0,0,0
2.19500,O-H,0.1697392497,0.007100869769,0.1675906516,0.006890050913,0.002148598098
2.20500,Si-O,0,0,0,0,0
2.20500,O-O,0,0,0,0,0
2.20500,O-H,0.1560365647,0.006800183142,0.159382378,0.006865129218,-0.003345813279
2.21500,Si-O,0,0,0,0,0
2.21500,O-O,0,0,0,0,0
2.21500,O-H,0.1549322641,0.00676565042,0.1543294148,0.006630355489,0.0006028492766
2.22500,Si-O,0,0,0,0,0
2.22500,O-O,0,0,0,0,0
2.22500,O-H,0.1532440251,0.00690189075,0.1544389103,0.006664304084,-0.001194885186
2.23500,Si-O,0,0,0,0,0
2.23500,O-O,0,0,0,0,0
2.23500,O-H,0.1207900972,0.005887950855,0.1468428633,0.006646293906,-0.02605276607
2.24500,Si-O,0,0,0,0,0
2.24500,O-O,0,0,0,0,0
2.24500,O-H,0.1293993599,0.005959578115,0.1355612342,0.006378523786,-0.00616187428
2.25500,Si-O,0,0,0,0,0
2.25500,O-O,0,0,0,0,0
2.25500,O-H,0.1230193734,0.005831556908,0.1169120286,0.005731529306,0.006107344777
2.26500,Si-O,0,0,0,0,0
2.26500,O-O,0,0,0,0,0
2.26500,O-H,0.1055044832,0.00550005165,0.1253946727,0.005835291535,-0.01989018946
2.27500,Si-O,0,0,0,0,0
2.27500,O-O,0,0,0,0,0
2.27500,O-H,0.09772137116,0.005592207051,0.1097222413,0.005588614373,-0.01200087014
2.28500,Si-O,0,0,0,0,0
2.28500,O-O,0,0,0,0,0
2.28500,O-H,0.1087639746,0.0054522246,0.115561723,0.005503424721,-0.00679774841
2.29500,Si-O,0,0,0,0,0
2.29500,O-O,0,0,0,0,0
2.29500,O-H,0.09630636706,0.005095541859,0.1075374303,0.005359163694,-0.01123106321
2.30500,Si-O,0,0,0,0,0
2.30500,O-O,0,0,0,0,0
2.30500,O-H,0.0932457859,0.004938380202,0.1041012655,0.005469502245,-0.01085547955
2.31500,Si-O,0,0,0,0,0
2.31500,O-O,0,0,0,0,0
2.31500,O-H,0.08830275622,0.00485539713,0.0963051935,0.004976212089,-0.008002437282
2.32500,Si-O,0,0,0,0,0
2.32500,O-O,0,0,0.00252361278,0.001454821363,-0.00252361278
2.32500,O-H,0.08891268478,0.005069495005,0.08891268478,0.004685888113,-4.163336342e-17
2.33500,Si-O,0,0,0,0,0
2.33500,O-O,0,0,0,0,0
2.33500,O-H,0.07784566095,0.004671547634,0.08869523042,0.004972422613,-0.01084956947
2.34500,Si-O,0,0,0,0,0
2.34500,O-O,0,0,0.000826916571,0.0008265030093,-0.000826916571
2.34500,O-H,0.07556956371,0.004642769725,0.09036075946,0.004788962708,-0.01479119574
2.35500,Si-O,0,0,0.00251097084,0.00250971504,-0.00251097084
2.35500,O-O,0,0,0.001639817691,0.001158366103,-0.001639817691
2.35500,O-H,0.08506191481,0.004673934729,0.09572798564,0.005060197754,-0.01066607082
2.36500,Si-O,0,0,0,0,0
2.36500,O-O,0.002438969474,0.001406025887,0.002438969474,0.001406025887,0
2.36500,O-H,0.0801136721,0.004465107488,0.0787916643,0.004496350426,0.00132200779
2.37500,Si-O,0,0,0,0,0
2.37500,O-O,0.001612316036,0.001138938952,0.007255422161,0.002407566323,-0.005643106125
2.37500,O-H,0.07944045194,0.0045500909,0.08887892148,0.004705223769,-0.009438469537
2.38500,Si-O,0,0,0.002448199144,0.002446974738,-0.002448199144
2.38500,O-O,0.001598823931,0.001129408138,0.01199117948,0.003072800672,-0.01039235555
2.38500,O-H,0.07513588168,0.00457367327,0.08111555393,0.00453789468,-0.005979672245
2.39500,Si-O,0,0,0,0,0
2.39500,O-O,0.7959212385,0.001582326297,0.01030575309,0.002839661892,0.7856154855
2.39500,O-H,0.0786348604,0.004495046765,0.08353342548,0.004633750823,-0.004898565074
2.40500,Si-O,0,0,0,0,0
2.40500,O-O,0.006289371483,0.002214716237,0.0243713145,0.004308836308,-0.01808194301
2.40500,O-H,0.06673238819,0.004176893105,0.08309588567,0.004626141536,-0.01636349749
2.41500,Si-O,0,0,0,0,0
2.41500,O-O,0.006237393503,0.002196412902,0.03352599008,0.005001535472,-0.02728859658
2.41500,O-H,0.06922368326,0.004246548006,0.07606998161,0.004507498572,-0.006846298345
2.42500,Si-O,0,0,0,0,0
2.42500,O-O,0.01778491451,0.003665516222,0.06650011514,0.006942281875,-0.04871520062
2.42500,O-H,0.06815098494,0.0040515471,0.07871313021,0.004547757588,-0.01056214527
2.43500,Si-O,0,0,0.004697378967,0.00331822531,-0.004697378967
2.43500,O-O,0.02607524651,0.004395188721,0.08589492968,0.007949958121,-0.05981968317
2.43500,O-H,0.07507492402,0.004220988359,0.07382783226,0.004176428198,0.001247091761
2.44500,Si-O,0,0,0.002329516615,0.002328351565,-0.002329516615
2.44500,O-O,0.7971700939,0.00536229166,0.1118167975,0.009359221892,0.6853532964
2.44500,O-H,0.07149348337,0.00412082029,0.06951442501,0.00408022582,0.001979058363
2.45500,Si-O,0,0,0.00231057756,0.002309421983,-0.00231057756
2.45500,O-O,0.04451398402,0.00582066047,0.180319359,0.01197403254,-0.135805375
2.45500,O-H,0.07336594944,0.004175628785,0.07802799974,0.004503585267,-0.004662050299
2.46500,Si-O,0,0,0.002291868533,0.002290722312,-0.002291868533
2.46500,O-O,0.08606200205,0.007911993899,0.2559409104,0.01369806876,-0.1698789084
2.46500,O-H,0.0737454335,0.004081250131,0.08153373011,0.004610028295,-0.007788296607
2.47500,Si-O,0,0,0.002273385823,0.002272248845,-0.002273385823
2.47500,O-O,0.1254537809,0.009916123803,0.3407294996,0.01606452685,-0.2152757187
2.47500,O-H,0.07773772406,0.004197652822,0.07894483158,0.004305642696,-0.001207107516
2.48500,Si-O,0,0,0.002255125794,0.002253997949,-0.002255125794
2.48500,O-O,0.8954230092,0.01065430031,0.4609661215,0.01865967719,0.4344568877
2.48500,O-H,0.07495798658,0.004182592596,0.07543695135,0.004146400812,-0.0004789647704
2.49500,Si-O,0,0,0.004474169769,0.003160550485,-0.004474169769
2.49500,O-O,0.2132991955,0.01254073407,0.6041042284,0.02150966748,-0.3908050329
2.49500,O-H,0.08504882003,0.004531459472,0.07459589243,0.004178767688,0.0104529276
2.50500,Si-O,0,0,0,0,0
2.50500,O-O,0.2949350719,0.01480412486,0.8261080639,0.02395095616,-0.531172992
2.50500,O-H,0.08036469283,0.004180925139,0.08201440793,0.004402089877,-0.001649715102
2.51500,Si-O,0,0,0.002201646523,0.002200545424,-0.002201646523
2.51500,O-O,1.063979381,0.01534487497,1.076200766,0.02832148985,-0.01222138478
2.51500,O-H,0.07411560507,0.004211774469,0.079493078,0.004249818822,-0.005377472923
2.52500,Si-O,0,0,0.004368484587,0.003085894544,-0.004368484587
2.52500,O-O,1.880053122,0.01792308513,1.320173873,0.03053388984,0.5598792491
2.52500,O-H,0.07445753376,0.004057282344,0.08837482979,0.004684335488,-0.01391729603
2.53500,Si-O,0,0,0.006501130874,0.003747795287,-0.006501130874
2.53500,O-O,1.30199519,0.01969129275,1.691886141,0.03468077676,-0.3898909509
2.53500,O-H,0.08146549838,0.004454541719,0.08975012534,0.004659179215,-0.008284626954
2.54500,Si-O,0,0,0.01075023646,0.004795617707,-0.01075023646
2.54500,O-O,1.428684486,0.02222066285,2.050706331,0.03620023599,-0.622021845
2.54500,O-H,0.08402308707,0.004648928787,0.08950285362,0.004602496487,-0.005479766548
2.55500,Si-O,0,0,0.008533000531,0.004257958715,-0.008533000531
2.55500,O-O,1.619528672,0.02514782197,2.525768157,0.03993076749,-0.906239485
2.55500,O-H,0.08585859826,0.004400701791,0.1046614047,0.005098686573,-0.01880280648
2.56500,Si-O,0,0,0.004233298097,0.002990398899,-0.004233298097
2.56500,O-O,1.761052008,0.02764340189,2.940155119,0.04536120625,-1.179103111
2.56500,O-H,0.08496566446,0.004433954199,0.1051955846,0.004878103906,-0.02022992011
2.57500,Si-O,0,0,0.002100240999,0.002099190616,-0.002100240999
2.57500,O-O,3.304150574,0.0292960936,3.383016767,0.04807653844,-0.07886619261
2.57500,O-H,0.09233625914,0.004385358539,0.1030419124,0.004734196973,-0.01070565323
2.58500,Si-O,0,0,0.01042011501,0.004648352459,-0.01042011501
2.58500,O-O,2.146969003,0.03123604948,3.87883465,0.05154739027,-1.731865646
2.58500,O-H,0.09339373881,0.004567381499,0.1188446392,0.005107619431,-0.02545090039
2.59500,Si-O,0,0,0.01033996068,0.004612596078,-0.01033996068
2.59500,O-O,5.054341595,0.0325934082,4.425671986,0.05670230709,0.6286696093
2.59500,O-H,0.1018989399,0.004804909516,0.120126552,0.005083342739,-0.0182276121
2.60500,Si-O,0,0,0.008208582122,0.004096074254,-0.008208582122
2.60500,O-O,3.199671807,0.03582545057,4.928499715,0.0593434067,-1.728827908
2.60500,O-H,0.09959262026,0.004674779638,0.1314099563,0.005510540747,-0.03181733601
2.61500,Si-O,0,0,0.01425536262,0.005369129429,-0.01425536262
2.61500,O-O,4.074955667,0.03684225097,5.308480922,0.0592487412,-1.233525255
2.61500,O-H,0.1081317013,0.004708387547,0.1232701394,0.005076895651,-0.01513843818
2.62500,Si-O,0,0,0.01616795125,0.005693323133,-0.01616795125
2.62500,O-O,5.566394644,0.03751538996,5.795385627,0.06036152332,-0.228990983
2.62500,O-H,0.1143918321,0.004879504171,0.1371414272,0.005338269486,-0.02274959512
2.63500,Si-O,0,0,0.01805115078,0.005989912334,-0.01805115078
2.63500,O-O,8.34495286,0.04048550699,6.191585649,0.06381286558,2.153367211
2.63500,O-H,0.1162941395,0.004939801525,0.1405753335,0.005339287113,-0.02428119396
2.64500,Si-O,0,0,0.0238865551,0.006853956913,-0.0238865551
2.64500,O-O,5.921915742,0.040802024,6.324249827,0.06178893664,-0.4023340846
2.64500,O-H,0.1185872337,0.004967688347,0.1553683009,0.005729968875,-0.03678106715
2.65500,Si-O,0,0,0.01382905871,0.005208566636,-0.01382905871
2.65500,O-O,4.720103678,0.04065847051,6.452163043,0.06461184733,-1.732059365
2.65500,O-H,0.1357380681,0.005496461283,0.1607038024,0.00568095883,-0.02496573431
2.66500,Si-O,0,0,0.01176468921,0.004788483836,-0.01176468921
2.66500,O-O,4.825603405,0.04283795792,6.691307043,0.0656116299,-1.865703638
2.66500,O-H,0.142425618,0.005438386169,0.1655385473,0.00581902974,-0.02311292924
2.67500,Si-O,0,0,0.02724608467,0.007230670004,-0.02724608467
2.67500,O-O,4.353018775,0.04261726302,6.730974433,0.06449869997,-2.377955658
2.67500,O-H,0.1440494641,0.005480441175,0.1913770498,0.006371774716,-0.04732758576
2.68500,Si-O,0,0,0.03477023034,0.008121328152,-0.03477023034
2.68500,O-O,8.976238511,0.04628038152,6.814019017,0.06578053148,2.162219494
2.68500,O-H,0.1474914195,0.005325745118,0.2102624548,0.00659108033,-0.0627710353
2.69500,Si-O,0,0,0.02876056188,0.007370040122,-0.02876056188
2.69500,O-O,7.687013416,0.04344255378,6.563825432,0.06110538192,1.123187984
2.69500,O-H,0.154747094,0.005702662931,0.21746039,0.006787962227,-0.062713296
2.70500,Si-O,0,0,0.02474186674,0.006817409221,-0.02474186674
2.70500,O-O,4.624282083,0.0447818531,6.563857997,0.06309012237,-1.939575915
2.70500,O-H,0.1637106499,0.005687574327,0.2425342962,0.006883683728,-0.07882364626
2.71500,Si-O,1.889226313,0,0.04345220521,0.00895561027,1.845774108
2.71500,O-O,5.8185086,0.04696222851,6.25835133,0.06103777302,-0.4398427303
2.71500,O-H,0.1825694809,0.005957944588,0.248775996,0.006904559679,-0.06620651505
2.72500,Si-O,0,0,0.04313387546,0.009277191098,-0.04313387546
2.72500,O-O,8.919182199,0.04482360501,6.041651327,0.06108394076,2.877530872
2.72500,O-H,0.1959695273,0.006372196084,0.2698564121,0.007491483546,-0.07388688479
2.73500,Si-O,0,0,0.03351054605,0.007827102046,-0.03351054605
2.73500,O-O,6.455301378,0.0433525059,5.659558888,0.05668135482,0.7957424902
2.73500,O-H,0.1911781594,0.006338544722,0.2815281273,0.007167150086,-0.09034996781
2.74500,Si-O,0,0,0.03141867661,0.007555099466,-0.03141867661
2.74500,O-O,5.227947093,0.04469595774,5.530290564,0.05633124091,-0.3023434715
2.74500,O-H,0.2219751583,0.00659705417,0.3000884323,0.007589015836,-0.07811327408
2.75500,Si-O,0,0,0.04036483135,0.00851062058,-0.04036483135
2.75500,O-O,5.737048238,0.04216889138,5.158310916,0.05494793992,0.5787373222
2.75500,O-H,0.2279654997,0.006587572022,0.340974038,0.008074797445,-0.1130085383
2.76500,Si-O,1.821517718,0,0.06921767329,0.01160007927,1.752300045
2.76500,O-O,5.589159836,0.04267277463,4.889697032,0.05242908224,0.6994628037
2.76500,O-H,0.2514661628,0.007033183202,0.3559213382,0.00856462889,-0.1044551753
2.77500,Si-O,0,0,0.04882715993,0.00961542058,-0.04882715993
2.77500,O-O,4.379165146,0.04305788024,4.61241356,0.04968395007,-0.2332484133
2.77500,O-H,0.2761591189,0.007046090192,0.3762139874,0.008387106734,-0.1000548685
2.78500,Si-O,0,0,0.05206804565,0.009527564399,-0.05206804565
2.78500,O-O,4.279179904,0.04200569286,4.337220568,0.05147697191,-0.05804066454
2.78500,O-H,0.2877168662,0.007349768322,0.4049772193,0.008854484837,-0.117260353
2.79500,Si-O,0,0,0.05882663368,0.0103807888,-0.05882663368
2.79500,O-O,4.76550303,0.04185337967,4.089706154,0.04850988162,0.6757968752
2.79500,O-H,0.3138682498,0.007894363971,0.4340771393,0.009264656218,-0.1202088894
2.80500,Si-O,0,0,0.0707975037,0.01124989933,-0.0707975037
2.80500,O-O,3.3584024,0.03894672538,3.810928485,0.0485508638,-0.4525260849
2.80500,O-H,0.3488500005,0.008298432908,0.4787289608,0.009576253129,-0.1298789603
2.81500,Si-O,0,0,0.07732493544,0.01166564749,-0.07732493544
2.81500,O-O,3.878584331,0.03936106745,3.585352109,0.04517143413,0.2932322227
2.81500,O-H,0.3590663937,0.008317327545,0.4992217272,0.009613222818,-0.1401553335
2.82500,Si-O,0,0,0.1099328118,0.01407171411,-0.1099328118
2.82500,O-O,3.726960918,0.03538320475,3.470557858,0.04338870832,0.2564030596
2.82500,O-H,0.3772831098,0.008395619619,0.5264544768,0.009957883811,-0.1491713671
2.83500,Si-O,0,0,0.1091586403,0.01375607917,-0.1091586403
2.83500,O-O,4.195199574,0.03726705163,3.180204559,0.0426299329,1.014995015
2.83500,O-H,0.4090343993,0.008613277037,0.5816274117,0.01009003771,-0.1725930124
2.84500,Si-O,0,0,0.1083926179,0.01387456488,-0.1083926179
2.84500,O-O,4.064073588,0.03597831855,2.976425473,0.04081943149,1.087648115
2.84500,O-H,0.4595152702,0.008845449704,0.6224924555,0.01066210365,-0.1629771853
2.85500,Si-O,0,0,0.1076346307,0.01312657867,-0.1076346307
2.85500,O-O,3.905111317,0.03453409889,2.797733322,0.04056306766,1.107377995
2.85500,O-H,0.463196312,0.00904105978,0.6522486258,0.01104052354,-0.1890523138
2.86500,Si-O,0,0,0.1391195946,0.01529521591,-0.1391195946
2.86500,O-O,2.67020984,0.03438103471,2.588219994,0.03958735174,0.08198984572
2.86500,O-H,0.5190635253,0.009849824998,0.6840972598,0.01104443655,-0.1650337345
2.87500,Si-O,0,0,0.1179359063,0.01440478224,-0.1179359063
2.87500,O-O,2.023408809,0.03224916383,2.413456891,0.03507636057,-0.3900480819
2.87500,O-H,0.5660923502,0.01016697669,0.7550283558,0.01121280933,-0.1889360056
2.88500,Si-O,0,0,0.1505825282,0.01603946324,-0.1505825282
2.88500,O-O,2.968763566,0.03198555067,2.274376652,0.03479589599,0.6943869144
2.88500,O-H,0.6069497536,0.01050400665,0.8174987753,0.01165359537,-0.2105490217
2.89500,Si-O,0,0,0.1611752346,0.01641464372,-0.1611752346
2.89500,O-O,2.310234879,0.03125012479,2.114912062,0.03305451798,0.1953228174
2.89500,O-H,0.6444068498,0.01058556462,0.8672671596,0.01305964808,-0.2228603098
2.90500,Si-O,0,0,0.1353147984,0.01505883486,-0.1353147984
2.90500,O-O,1.618658653,0.02899702374,1.995303926,0.0321896239,-0.3766452725
2.90500,O-H,0.7053426248,0.01112241745,0.8986327901,0.01280768321,-0.1932901653
2.91500,Si-O,0,0,0.1786376918,0.01696210922,-0.1786376918
2.91500,O-O,2.037827614,0.02880414209,1.847851563,0.03123970895,0.1899760512
2.91500,O-H,0.748198526,0.01149929787,0.9232828984,0.01265832416,-0.1750843724
2.92500,Si-O,0,0,0.162769107,0.01659925706,-0.162769107
2.92500,O-O,1.939410519,0.02704761107,1.716184315,0.03132894201,0.2232262039
2.92500,O-H,0.7878600953,0.01185346892,1.017407749,0.01318784191,-0.2295476539
2.93500,Si-O,0,0,0.168128312,0.01735016429,-0.168128312
2.93500,O-O,1.865511631,0.0269311864,1.617410198,0.03016706947,0.2481014337
2.93500,O-H,0.8367502307,0.01192146156,1.054264088,0.01322589381,-0.2175138577
2.94500,Si-O,0,0,0.2007072877,0.01854344179,-0.2007072877
2.94500,O-O,1.215319492,0.0240998332,1.491099497,0.0272314621,-0.2757800055
2.94500,O-H,0.8907567047,0.01271869707,1.097247204,0.01393804478,-0.2064904995
2.95500,Si-O,1.594809301,4.519745972e-09,0.2248681114,0.019079079,1.369941189
2.95500,O-O,1.163364564,0.02444353202,1.369062417,0.02608639471,-0.2056978527
2.95500,O-H,0.9365623469,0.01266142254,1.167739129,0.01409661109,-0.2311767818
2.96500,Si-O,0,0,0.2360264129,0.01866240054,-0.2360264129
2.96500,O-O,1.592087218,0.02362363087,1.226393371,0.02478126947,0.3656938477
2.96500,O-H,0.9968705988,0.01351060005,1.198734372,0.0142918783,-0.201863773
2.97500,Si-O,0,0,0.2580439277,0.01972165771,-0.2580439277
2.97500,O-O,1.996019232,0.02221612819,1.185280918,0.02537215924,0.8107383134
2.97500,O-H,1.062697634,0.01305919276,1.267049711,0.0150855449,-0.2043520766
2.98500,Si-O,1.56291395,8.455670452e-09,0.2469404041,0.0192076974,1.315973546
2.98500,O-O,0.9053418277,0.02159720489,1.146221953,0.02515451753,-0.2408801255
2.98500,O-H,1.143389119,0.01314301958,1.336249934,0.0150225417,-0.1928608152
2.99500,Si-O,0,0,0.2887639886,0.02225023161,-0.2887639886
2.99500,O-O,0.81616857,0.01972434476,1.078254999,0.02315803961,-0.262086429
2.99500,O-H,1.173026423,0.01361101501,1.395101839,0.01503323414,-0.2220754169
3.00500,Si-O,0,0,0.2853031191,0.02118883264,-0.2853031191
3.00500,O-O,1.241296748,0.01892758453,1.012173007,0.02214500081,0.2291237404
3.00500,O-H,1.238929306,0.01429955851,1.450030414,0.01564395328,-0.2111011072
3.01500,Si-O,0,0,0.2711579738,0.01983709581,-0.2711579738
3.01500,O-O,0.7218373456,0.01889500926,0.9369378713,0.02132234975,-0.2151005257
3.01500,O-H,1.283923041,0.01493028843,1.531044062,0.01505539827,-0.2471210212
3.02500,Si-O,0,0,0.3667668149,0.02261983984,-0.3667668149
3.02500,O-O,1.163814556,0.01846712946,0.9501338303,0.02269763946,0.2136807254
3.02500,O-H,1.36142635,0.01453277928,1.569583655,0.01568648312,-0.2081573052
3.03500,Si-O,0,0,0.3280696798,0.02158870978,-0.3280696798
3.03500,O-O,1.103829669,0.01748363242,0.8535427088,0.02021944196,0.2502869597
3.03500,O-H,1.383295149,0.01539313301,1.639532272,0.01659111584,-0.2562371236
3.04500,Si-O,0,0,0.3544550461,0.02289167146,-0.3544550461
3.04500,O-O,1.560534011,0.01660853383,0.8852180673,0.02034512412,0.6753159438
3.04500,O-H,1.478535298,0.01499193525,1.651110831,0.01611635688,-0.1725755331
3.05500,Si-O,0,0,0.3566146897,0.02222590367,-0.3566146897
3.05500,O-O,0.5091450441,0.01522884462,0.8370441969,0.01988954106,-0.3278991528
3.05500,O-H,1.490896856,0.01471128755,1.69783822,0.0161295113,-0.206941364
3.06500,Si-O,2.964782219,9.973764736e-09,0.3794921241,0.02419814491,2.585290095
3.06500,O-O,0.4646842336,0.01481212631,0.8161016852,0.01951494656,-0.3514174516
3.06500,O-H,1.573590959,0.01572329187,1.780915818,0.01631961297,-0.2073248593
3.07500,Si-O,1.472765227,0,0.4035376723,0.02485982334,1.069227555
3.07500,O-O,1.898604773,0.0148169307,0.8098405364,0.01984063527,1.088764237
3.07500,O-H,1.621866415,0.01566584751,1.767943872,0.01710100846,-0.1460774572
3.08500,Si-O,0,0,0.4404330727,0.02536078364,-0.4404330727
3.08500,O-O,0.8992013482,0.01409340476,0.7931319012,0.01953922841,0.106069447
3.08500,O-H,1.673834731,0.01586172526,1.864961422,0.01762124733,-0.1911266914
3.09500,Si-O,0,0,0.4317764084,0.0248760443,-0.4317764084
3.09500,O-O,0.8525751991,0.01334582522,0.7775713675,0.0185133362,0.07500383154
3.09500,O-H,1.708733812,0.01514971055,1.860803093,0.01699932384,-0.1520692812
3.10500,Si-O,0,0,0.4506663734,0.0261861314,-0.4506663734
3.10500,O-O,1.752670061,0.01297989136,0.7504031398,0.0187462491,1.002266922
3.10500,O-H,1.745603584,0.01566374284,1.911267193,0.01657516441,-0.165663609
3.11500,Si-O,0,0,0.4535182335,0.02559879593,-0.4535182335
3.11500,O-O,0.312577279,0.01172619844,0.717006352,0.0180353163,-0.4044290731
3.11500,O-H,1.818238778,0.0165720469,1.956321288,0.0170678319,-0.1380825091
3.12500,Si-O,1.426013808,6.251387883e-09,0.4919747637,0.02621597529,0.9340390441
3.12500,O-O,0.7855298918,0.01215153309,0.7329128926,0.01917907411,0.05261699928
3.12500,O-H,1.875069342,0.01674852704,2.00787792,0.01752328435,-0.132808578
3.13500,Si-O,1.416930948,9.884312124e-09,0.5526030698,0.02761743451,0.8643278783
3.13500,O-O,0.3058257491,0.012380924,0.7365727573,0.01790445989,-0.4307470082
3.13500,O-H,1.87004791,0.01675624186,2.035415037,0.01751884987,-0.1653671269
3.14500,Si-O,1.407934591,0,0.5251596026,0.02641035366,0.8827749888
3.14500,O-O,0.2661858379,0.0113895173,0.7631580153,0.01897982241,-0.4969721774
3.14500,O-H,1.896151486,0.01702562097,2.058823999,0.01727084761,-0.1626725135
3.15500,Si-O,1.399023643,0,0.5861909064,0.02810049649,0.8128327365
3.15500,O-O,0.7094477444,0.01089878207,0.7290911785,0.01840260545,-0.01964343401
3.15500,O-H,1.925601285,0.01618342703,2.062433226,0.0179098392,-0.1368319407
3.16500,Si-O,0,0,0.5463474307,0.0275438344,-0.5463474307
3.16500,O-O,1.576994111,0.009855077291,0.7580829489,0.01749355627,0.8189111616
3.16500,O-H,2.003507662,0.01794738087,2.106997374,0.01782372921,-0.1034897113
3.17500,Si-O,0,0,0.6161283395,0.02888143587,-0.6161283395
3.17500,O-O,0.6703151551,0.00983952817,0.7488042783,0.01814693,-0.07848912315
3.17500,O-H,1.990613621,0.01616747365,2.104308481,0.01764079811,-0.1136948601
3.18500,Si-O,1.372792553,0,0.6273661967,0.02880088022,0.7454263562
3.18500,O-O,0.6419065913,0.009502409766,0.8252444375,0.01941389632,-0.1833378463
3.18500,O-H,2.020264694,0.01666261182,2.122896123,0.0169686703,-0.1026314291
3.19500,Si-O,0,0,0.6452725728,0.0292994954,-0.6452725728
3.19500,O-O,0.2205013063,0.0099803785,0.7390134691,0.01894486514,-0.5185121627
3.19500,O-H,1.993150867,0.01673723798,2.103108819,0.01794059431,-0.1099579523
3.20500,Si-O,0,0,0.7022592759,0.03024412842,-0.7022592759
3.20500,O-O,1.951783877,0.008626264919,0.7720369883,0.01779814111,1.179746889
3.20500,O-H,2.018884442,0.01694960265,2.106417904,0.01734270309,-0.08753346221
3.21500,Si-O,0,0,0.7639147557,0.03209585741,-0.7639147557
3.21500,O-O,0.1825718597,0.009152017148,0.7997967251,0.01771171595,-0.6172248654
3.21500,O-H,2.023800013,0.01693492676,2.12996188,0.0182319869,-0.1061618671
3.22500,Si-O,0,0,0.7270498486,0.03012342911,-0.7270498486
3.22500,O-O,0.6090309703,0.009008514781,0.8188908882,0.01940963466,-0.209859918
3.22500,O-H,2.03970666,0.01626809013,2.134831355,0.01704126761,-0.09512469539
3.23500,Si-O,1.3306849,3.264680848e-09,0.8077257345,0.03150524017,0.5229591658
3.23500,O-O,0.151643765,0.008416469764,0.7834203674,0.01878061325,-0.6317766025
3.23500,O-H,2.011712946,0.01632030749,2.122077361,0.0172218934,-0.1103644149
3.24500,Si-O,1.322496096,6.23360296e-09,0.8424300132,0.03248151105,0.4800660829
3.24500,O-O,0.587728061,0.008358877825,0.8256693994,0.01868533622,-0.2379413384
3.24500,O-H,2.009585484,0.01702046504,2.103681666,0.01714576103,-0.09409618241
3.25500,Si-O,1.314382649,1.016123719e-08,0.9345260632,0.03491112649,0.3798565855
3.25500,O-O,0.1712452822,0.008429974651,0.8536512941,0.01936994267,-0.6824060119
3.25500,O-H,1.995860973,0.01682601696,2.090356943,0.01760785435,-0.09449597024
3.26500,Si-O,1.306343636,5.053229617e-09,0.9092151708,0.03390418548,0.3971284654
3.26500,O-O,0.5758576029,0.007789852882,0.8275287034,0.01823966858,-0.2516711005
3.26500,O-H,1.982682823,0.016255755,2.05426583,0.01679518513,-0.07158300704
3.27500,Si-O,1.298378151,8.573025384e-09,1.033509008,0.0363634903,0.2648691428
3.27500,O-O,0.5651389633,0.007795693419,0.8602152713,0.01914948545,-0.2950763079
3.27500,O-H,1.956667364,0.01639131476,2.074141861,0.01697399755,-0.1174744975
3.28500,Si-O,2.580970598,7.3000483e-09,1.184665505,0.03891355656,1.396305094
3.28500,O-O,0.5654959253,0.007781746465,0.8849042051,0.01948412085,-0.3194082797
3.28500,O-H,1.940661485,0.01611349226,2.038235878,0.01582998516,-0.09757439288
3.29500,Si-O,1.2826642,9.002570788e-09,1.158245773,0.03868441652,0.1244184274
3.29500,O-O,0.13905127,0.007536317779,0.8900118939,0.01916286291,-0.7509606239
3.29500,O-H,1.917049482,0.01659806338,2.03541782,0.01582627308,-0.1183683387
3.30500,Si-O,1.274913987,3.557603474e-09,1.240491309,0.04028145165,0.03442267764
3.30500,O-O,0.974554659,0.007639036758,0.8646518696,0.01868744661,0.1099027894
3.30500,O-H,1.905736915,0.01680037613,2.013235857,0.01641790277,-0.1074989422
3.31500,Si-O,3.801701416,0,1.407896758,0.04119346157,2.393804658
3.31500,O-O,0.5747551855,0.008476943171,0.8904774365,0.01904738995,-0.3157222509
3.31500,O-H,1.924670218,0.01581498949,1.996801615,0.01532588122,-0.07213139678
3.32500,Si-O,1.259622814,4.240944824e-09,1.452345105,0.04233515262,-0.1927222906
3.32500,O-O,0.5495040262,0.007484221537,0.9451798294,0.01953244306,-0.3956758033
3.32500,O-H,1.891574466,0.01608140946,1.957520736,0.01602507974,-0.06594627054
3.33500,Si-O,1.252080186,0,1.576368954,0.04590063458,-0.324288768
3.33500,O-O,0.9746805428,0.007806044499,0.9166249064,0.01865252266,0.05805563636
3.33500,O-H,1.843150676,0.01507662123,1.964945945,0.01639116488,-0.121795269
3.34500,Si-O,0,0,1.596828346,0.04550748403,-1.596828346
3.34500,O-O,0.1365509598,0.00748379592,0.9241573885,0.01921263178,-0.7876064287
3.34500,O-H,1.827520858,0.01576049999,1.907748323,0.01610075052,-0.08022746517
3.35500,Si-O,3.711590281,0,1.735787055,0.04843417533,1.975803226
3.35500,O-O,0.5595159227,0.007883097357,0.8928015806,0.01916215217,-0.3332856579
3.35500,O-H,1.788132521,0.0154239683,1.889035224,0.01543471731,-0.1009027022
3.36500,Si-O,2.459708736,0,1.967766989,0.04756850305,0.4919417472
3.36500,O-O,0.9533630268,0.007788307921,0.9385043781,0.01866153039,0.01485864869
3.36500,O-H,1.747742777,0.01493122868,1.861760073,0.01555338234,-0.1140172952
3.37500,Si-O,1.222577145,0,2.008694248,0.04743774197,-0.7861171039
3.37500,O-O,0.5545011114,0.008040655194,0.9696783295,0.01958549361,-0.4151772181
3.37500,O-H,1.7293516,0.01468390311,1.81802631,0.01511683,-0.08867471041
3.38500,Si-O,2.430728642,0,2.137825841,0.04929226122,0.2929028014
3.38500,O-O,0.9361777741,0.007757641425,0.9560204569,0.01885668426,-0.01984268279
3.38500,O-H,1.700176375,0.01451457299,1.781100279,0.01570888844,-0.08092390399
3.39500,Si-O,3.624645419,0,2.259362311,0.05240228384,1.365283108
3.39500,O-O,0.5503543249,0.007578210191,0.9618378811,0.01857241332,-0.4114835562
3.39500,O-H,1.679269354,0.01424962893,1.780117896,0.01442408862,-0.1008485416
3.40500,Si-O,2.402257709,1.210576058e-08,2.366223843,0.0525361733,0.03603386563
3.40500,O-O,0.5549705564,0.007851702105,0.9816899665,0.01987514251,-0.4267194101
3.40500,O-H,1.62885828,0.0147847115,1.726946927,0.01532367279,-0.09808864662
3.41500,Si-O,1.194104729,0,2.376268411,0.05146993096,-1.182163682
3.41500,O-O,0.5513352121,0.008015546218,0.965031577,0.01907531402,-0.4136963649
3.41500,O-H,1.618064744,0.01411180954,1.716467428,0.01420624383,-0.09840268352
3.42500,Si-O,3.561426117,0,2.634268185,0.05551763385,0.9271579325
3.42500,O-O,0.5399800361,0.00764100709,0.9970054937,0.02012292672,-0.4570254577
3.42500,O-H,1.560976219,0.01420049139,1.699020877,0.014865075,-0.1380446584
3.43500,Si-O,1.18024007,0,2.681505439,0.05560942537,-1.501265369
3.43500,O-O,0.9549828223,0.008243229687,0.9877405059,0.02004010953,-0.03275768358
3.43500,O-H,1.537361915,0.01422057503,1.675857343,0.01434820651,-0.1384954277
3.44500,Si-O,1.173398118,3.298512641e-09,2.79268752,0.05752763032,-1.619289403
3.44500,O-O,0.1724176826,0.008231048156,0.9912100998,0.01950092914,-0.8187924172
3.44500,O-H,1.514867354,0.01395191306,1.625644444,0.01389589491,-0.1107770896
3.45500,Si-O,2.333230977,0,2.801043788,0.05758165172,-0.4678128109
3.45500,O-O,0.9405301686,0.008267611751,0.9984323904,0.01981363201,-0.0579022218
3.45500,O-H,1.514163664,0.01318972869,1.628636518,0.01357959185,-0.1144728543
3.46500,Si-O,1.159891499,0,2.892769398,0.06004569078,-1.732877899
3.46500,O-O,0.5397046157,0.007691081833,1.022598219,0.01958492756,-0.4828936036
3.46500,O-H,1.504943823,0.01330651883,1.598802653,0.01418998086,-0.09385883066
3.47500,Si-O,1.153225474,8.052144102e-09,3.027216869,0.05873954829,-1.873991395
3.47500,O-O,0.5750123425,0.008663176828,1.016344671,0.01993439752,-0.4413323284
3.47500,O-H,1.456615624,0.0128867989,1.580674109,0.01372517586,-0.1240584855
3.48500,Si-O,3.439850251,0,3.006429119,0.05899358223,0.4334211316
3.48500,O-O,0.5690963136,0.008435347749,1.013890011,0.01967940112,-0.4447936977
3.48500,O-H,1.438770639,0.01364097581,1.549819964,0.01401087761,-0.1110493249
3.49500,Si-O,2.280129345,8.052144102e-09,3.02573164,0.05627214172,-0.7456022957
3.49500,O-O,1.311865439,0.008516873698,1.031549129,0.01914388255,0.2803163096
3.49500,O-H,1.420742541,0.01327500369,1.536484328,0.01339193981,-0.1157417869
3.50500,Si-O,1.133568595,2.827296549e-09,3.077638735,0.05978728132,-1.94407014
3.50500,O-O,0.9612661686,0.009265391707,1.039736876,0.01881020249,-0.07847070764
3.50500,O-H,1.383033939,0.01294836749,1.49811623,0.01327391679,-0.1150822913
3.51500,Si-O,2.254255763,8.637533633e-09,3.063533583,0.05687782579,-0.8092778191
3.51500,O-O,0.9414508152,0.008509934063,1.032725171,0.01896170279,-0.09127435581
3.51500,O-H,1.394327012,0.01283239722,1.499778304,0.01355944097,-0.1054512917
3.52500,Si-O,0,0,3.049538724,0.06113088751,-3.049538724
3.52500,O-O,1.30536698,0.00865633047,1.007844312,0.01888663379,0.2975226674
3.52500,O-H,1.357982139,0.01244503041,1.449863139,0.01311502713,-0.09188100009
3.53500,Si-O,0,0,3.07800055,0.05772768821,-3.07800055
3.53500,O-O,0.6022362866,0.009248616611,1.047636416,0.01953632886,-0.4454001298
3.53500,O-H,1.343209278,0.01209634072,1.461790396,0.01346429703,-0.1185811186
3.54500,Si-O,5.540658486,2.090415706e-08,3.230203897,0.05952818086,2.310454588
3.54500,O-O,1.340251365,0.009616913441,1.055484134,0.01953297191,0.2847672312
3.54500,O-H,1.328345904,0.01253864395,1.448141805,0.01305552515,-0.119795901
3.55500,Si-O,2.203812509,7.480323552e-09,2.975146887,0.05616480062,-0.7713343782
3.55500,O-O,0.2471868071,0.009403483315,1.048115239,0.01894177118,-0.8009284319
3.55500,O-H,1.299235237,0.01216656979,1.433219236,0.01301490515,-0.1339839994
3.56500,Si-O,3.287199379,7.42071843e-09,3.043946625,0.0554046271,0.2432527541
3.56500,O-O,0.9685386362,0.009227601232,1.039023347,0.01898240482,-0.0704847105
3.56500,O-H,1.29230571,0.01222442589,1.384696376,0.01255729182,-0.09239066574
3.57500,Si-O,2.179223457,0,2.900546421,0.05717872901,-0.7213229641
3.57500,O-O,1.328881569,0.009432000688,1.038199844,0.01893826169,0.2906817247
3.57500,O-H,1.282540502,0.012166141,1.389457448,0.01298024298,-0.1069169455
3.58500,Si-O,3.252791534,0.001530825936,2.850797644,0.05208712507,0.4019938905
3.58500,O-O,0.2770328104,0.01020487946,1.001988402,0.01834281481,-0.7249555919
3.58500,O-H,1.248124723,0.01202076709,1.369749857,0.01270886061,-0.1216251343
3.59500,Si-O,2.155043649,1.435469935e-08,2.910386448,0.05333024431,-0.7553427989
3.59500,O-O,0.627689448,0.009771787872,1.048494706,0.01870936141,-0.4208052578
3.59500,O-H,1.259041342,0.01158429034,1.351956144,0.0126112859,-0.09291480227
3.60500,Si-O,5.3588325,0.00107101628,2.889976256,0.05405968584,2.468856245
3.60500,O-O,1.319102614,0.009841310243,1.019592843,0.01818308982,0.2995097712
3.60500,O-H,1.232607432,0.01157661541,1.372686803,0.01221304913,-0.1400793712
3.61500,Si-O,1.065632027,0,2.829253031,0.05502186421,-1.763621005
3.61500,O-O,0.9815993299,0.009736450885,1.058846778,0.01921412595,-0.07724744816
3.61500,O-H,1.217989116,0.01168108946,1.322326751,0.01190959874,-0.1043376349
3.62500,Si-O,1.060820552,0.001059230778,2.654700781,0.05198205,-1.59388023
3.62500,O-O,0.630146743,0.01007077617,1.012871783,0.01895258977,-0.3827250399
3.62500,O-H,1.218931235,0.01143852534,1.33563622,0.01193071011,-0.1167049848
3.63500,Si-O,2.107875888,7.941074726e-09,2.56317708,0.05158244067,-0.4553011919
3.63500,O-O,0.9808075562,0.009911676939,1.034838008,0.0190897057,-0.05403045134
3.63500,O-H,1.208092691,0.01152942217,1.318224542,0.01235755209,-0.1101318517
3.64500,Si-O,3.144488869,0,2.541795169,0.05022850038,0.6026936998
3.64500,O-O,0.3087160772,0.010803605,1.037381852,0.01885225429,-0.7286657743
3.64500,O-H,1.224180127,0.01139494329,1.320351397,0.01239136254,-0.09617127018
3.65500,Si-O,4.171826087,0.001472751181,2.337139952,0.05022587005,1.834686135
3.65500,O-O,1.677767711,0.0102566641,1.040903562,0.01919685121,0.6368641482
3.65500,O-H,1.205424215,0.01133953138,1.289003541,0.01199525101,-0.08357932615
3.66500,Si-O,7.258318057,0.001036235965,2.391792567,0.05105161564,4.866525491
3.66500,O-O,0.6601375413,0.01060583758,1.043694379,0.01915059806,-0.3835568381
3.66500,O-H,1.188616065,0.01113479516,1.305870243,0.01218742538,-0.1172541783
3.67500,Si-O,4.126542042,0.001456764865,2.321051009,0.04960103895,1.805491033
3.67500,O-O,0.3360188443,0.01056160106,1.057550291,0.01827813702,-0.7215314462
3.67500,O-H,1.179418724,0.01116172835,1.286728199,0.011573321,-0.1073094745
3.68500,Si-O,2.052088008,0.001025018344,2.268475099,0.0492581347,-0.2163870913
3.68500,O-O,0.685138584,0.01120622444,1.046795315,0.01866303158,-0.3616567306
3.68500,O-H,1.180649645,0.01147794498,1.307960726,0.01263398465,-0.1273110815
3.69500,Si-O,3.060983507,0.001019477718,2.105254901,0.0465622382,0.9557286058
3.69500,O-O,0.6954235459,0.01066956593,1.056790666,0.0188731265,-0.3613671204
3.69500,O-H,1.189757143,0.01083267376,1.290817177,0.01171836477,-0.1010600341
3.70500,Si-O,4.059986044,0.001433269057,2.147673777,0.04581304804,1.912312267
3.70500,O-O,0.7002874478,0.01100170265,1.08322609,0.01928472946,-0.3829386422
3.70500,O-H,1.1637359,0.01148197003,1.279118343,0.0113580159,-0.1153824429
3.71500,Si-O,0,0,2.0937477,0.04714877493,-2.0937477
3.71500,O-O,0.7106901463,0.0111749435,1.046760591,0.01847347909,-0.3360704447
3.71500,O-H,1.169909153,0.01117966452,1.274491616,0.01157997149,-0.1045824632
3.72500,Si-O,2.011263846,0.002003230826,2.145749552,0.04674086019,-0.1344857063
3.72500,O-O,0.7412894732,0.01131139089,1.064415654,0.01849334988,-0.3231261806
3.72500,O-H,1.157454579,0.01114172471,1.267551318,0.01156943699,-0.1100967385
3.73500,Si-O,0.9992559673,0.0009977584559,2.132278468,0.04728311685,-1.1330225
3.73500,O-O,1.388270885,0.01139430353,1.05578995,0.01814842523,0.3324809351
3.73500,O-H,1.154021249,0.01107230463,1.274024193,0.01123086058,-0.1200029445
3.74500,Si-O,5.957602087,0,2.0931042,0.04522304433,3.864497887
3.74500,O-O,0.754467486,0.01149082577,1.069936701,0.01856301945,-0.3154692153
3.74500,O-H,1.146706596,0.01069070634,1.234752574,0.01155656853,-0.08804597774
3.75500,Si-O,1.975304263,1.123037558e-08,2.030612782,0.04463995344,-0.05530851936
3.75500,O-O,0.439565667,0.01204622488,1.051345616,0.01861127417,-0.6117799489
3.75500,O-H,1.152144283,0.01137526971,1.24643447,0.01104743707,-0.09429018756
3.76500,Si-O,3.93358009,0.001960891632,2.074855432,0.04558919562,1.858724658
3.76500,O-O,1.393502164,0.01215469978,1.053146318,0.01835206458,0.3403558462
3.76500,O-H,1.149266263,0.01078851383,1.253488939,0.01189820767,-0.1042226758
3.77500,Si-O,0.9781918864,0.0009767259422,2.076581177,0.04692029872,-1.098389291
3.77500,O-O,2.058452848,0.01211535426,1.100543152,0.01884903833,0.9579096962
3.77500,O-H,1.116722876,0.0106164822,1.259828614,0.01117806674,-0.1431057379
3.78500,Si-O,1.948976046,0.002168146715,2.050070065,0.043916355,-0.1010940193
3.78500,O-O,0.7998647683,0.01234870985,1.096322583,0.01880452678,-0.2964578149
3.78500,O-H,1.134881874,0.01108143168,1.25111591,0.01150121708,-0.1162340358
3.79500,Si-O,0.9698426212,0.001672278243,2.136941369,0.04545552142,-1.167098748
3.79500,O-O,0.4991787687,0.01304658458,1.09276263,0.01856270218,-0.5935838616
3.79500,O-H,1.128498089,0.0103450839,1.241245214,0.01114406484,-0.1127471248
3.80500,Si-O,1.927579459,0.001919880676,2.127647587,0.04467301689,-0.2000681275
3.80500,O-O,0.8030992182,0.01244778698,1.136336712,0.01848554167,-0.3332374934
3.80500,O-H,1.114198333,0.01081944101,1.231154429,0.01153026876,-0.1169560956
3.81500,Si-O,0.001913660123,0.001351808211,2.204536462,0.04596355073,-2.202622802
3.81500,O-O,0.8376363738,0.01326002628,1.124451067,0.01874136864,-0.2868146927
3.81500,O-H,1.122285454,0.01094044693,1.231922938,0.01125290709,-0.1096374835
3.82500,Si-O,2.860259882,0.002123036989,2.184458046,0.04484717179,0.6758018356
3.82500,O-O,1.154010792,0.01280956683,1.132565399,0.01786849593,0.02144539312
3.82500,O-H,1.105710524,0.01032957043,1.227511528,0.01124361485,-0.1218010039
3.83500,Si-O,1.895645984,0.00133774529,2.23557451,0.04577124123,-0.3399285256
3.83500,O-O,1.168406479,0.0131399906,1.182938129,0.01896819252,-0.01453164978
3.83500,O-H,1.109504184,0.01041822742,1.236402342,0.0107287897,-0.1268981584
3.84500,Si-O,3.773480904,0.002300382362,2.378442157,0.04759797894,1.395038747
3.84500,O-O,0.8501452897,0.0126455442,1.180483944,0.01942313831,-0.3303386545
3.84500,O-H,1.111843039,0.01036165962,1.205671988,0.01090207502,-0.09382894918
3.85500,Si-O,1.877901693,0.001870401324,2.291152515,0.04496967492,-0.4132508218
3.85500,O-O,0.5676007399,0.01331637939,1.160598171,0.01936701533,-0.5929974307
3.85500,O-H,1.113844187,0.0104007303,1.223108988,0.01094562222,-0.109264801
3.86500,Si-O,5.598064753,0.002079320563,2.342703867,0.04543940943,3.255360885
3.86500,O-O,0.5896284485,0.01350750339,1.182909732,0.01862837412,-0.5932812834
3.86500,O-H,1.102247,0.01021652988,1.207878179,0.01074694715,-0.1056311792
3.87500,Si-O,0.007419428893,0.002612650515,2.47159725,0.04736950014,-2.464177821
3.87500,O-O,1.500238806,0.01335865907,1.19165113,0.01859600705,0.3085876752
3.87500,O-H,1.090754535,0.01026988252,1.209925008,0.01100061738,-0.1191704729
3.88500,Si-O,1.854547307,0.002903083022,2.487492308,0.04916649156,-0.6329450012
3.88500,O-O,1.542838746,0.0137810993,1.192755047,0.01913835902,0.3500836991
3.88500,O-H,1.085048574,0.0103464723,1.214286344,0.01100388718,-0.1292377703
3.89500,Si-O,2.767555243,0.003528358675,2.624358355,0.0504870754,0.1431968882
3.89500,O-O,0.6381290947,0.01370387296,1.20642067,0.01874312876,-0.5682915752
3.89500,O-H,1.106485962,0.01059693046,1.215272706,0.01099784032,-0.1087867442
3.90500,Si-O,3.658413373,0.002230235109,2.684906469,0.05007318453,0.9735069035
3.90500,O-O,1.268239035,0.01425436845,1.208897496,0.01828297009,0.05934153962
3.90500,O-H,1.0973349,0.0106076395,1.196739961,0.01092760358,-0.09940506162
3.91500,Si-O,2.736625335,0.003128451821,2.753888244,0.05091290723,-0.01726290882
3.91500,O-O,0.9505539827,0.01397971517,1.229727297,0.01885237593,-0.2791733139
3.91500,O-H,1.101963754,0.01031619894,1.176257782,0.01053530686,-0.07429402772
3.92500,Si-O,2.722698519,0.003112530981,2.804054052,0.04911035168,-0.08135553344
3.92500,O-O,1.273352458,0.01427037487,1.267744276,0.01886296799,0.005608181897
3.92500,O-H,1.095107877,0.010703105,1.202909958,0.01068910648,-0.1078020815
3.93500,Si-O,4.505802622,0.002829775843,2.859071165,0.04982301223,1.646731457
3.93500,O-O,0.9937764356,0.01440639252,1.288032933,0.01877417542,-0.2942564978
3.93500,O-H,1.075509371,0.0100081958,1.180758578,0.01027547894,-0.1052492076
3.94500,Si-O,4.482988481,0.002815447895,2.832067573,0.04991533506,1.650920908
3.94500,O-O,1.314235671,0.0146149423,1.323001138,0.01975466509,-0.008765466906
3.94500,O-H,1.103892262,0.01050188326,1.181811833,0.0104612737,-0.07791957086
3.95500,Si-O,6.241815175,0.002936469038,3.009176336,0.05274238302,3.232638839
3.95500,O-O,1.33143607,0.01451088838,1.298295522,0.01885528252,0.03314054847
3.95500,O-H,1.08659361,0.01019583228,1.179813945,0.01050142806,-0.09322033411
3.96500,Si-O,2.668040997,0.003050047666,3.071967523,0.05003792595,-0.4039265255
3.96500,O-O,0.7462444939,0.01428633225,1.300432265,0.01905045737,-0.5541877715
3.96500,O-H,1.080649261,0.009913256712,1.192495706,0.01043374069,-0.1118464459
3.97500,Si-O,2.656396489,0.003274553761,3.180801238,0.05318959891,-0.5244047482
3.97500,O-O,1.333612267,0.01445272975,1.333612267,0.02016583662,-1.110223025e-15
3.97500,O-H,1.076809988,0.00979218654,1.198109053,0.01040353277,-0.1212990651
3.98500,Si-O,2.643958181,0.00337078467,3.167488209,0.05183163447,-0.523530028
3.98500,O-O,0.7963283125,0.01518724659,1.333513467,0.01938575531,-0.5371851543
3.98500,O-H,1.077838136,0.01006643238,1.160999486,0.01021115536,-0.08316134922
3.99500,Si-O,4.37758363,0.003566905227,3.161248852,0.05119773238,1.216334778
3.99500,O-O,0.7778160497,0.01460335206,1.346505,0.01963413907,-0.5686889506
3.99500,O-H,1.073190239,0.009754118764,1.19031271,0.01053733458,-0.1171224712
4.00500,Si-O,2.619353952,0.003549115213,3.280052778,0.05272984418,-0.6606988258
4.00500,O-O,1.105907316,0.01512164731,1.379194846,0.02004354684,-0.2732875295
4.00500,O-H,1.060093045,0.01009978739,1.160957699,0.01038345425,-0.1008646539
4.01500,Si-O,1.743307437,0.003631991449,3.236953898,0.04976864976,-1.493646461
4.01500,O-O,1.100405301,0.0151990039,1.385309006,0.01941885853,-0.2849037052
4.01500,O-H,1.08142337,0.01002315022,1.181510993,0.01036060084,-0.1000876227
4.02500,Si-O,4.311711356,0.003410748466,3.348109197,0.05254049167,0.9636021592
4.02500,O-O,1.128064834,0.01584464408,1.421939897,0.01931548324,-0.2938750636
4.02500,O-H,1.050770831,0.009879735578,1.170626803,0.01012760521,-0.1198559726
4.03500,Si-O,4.291221631,0.003699860449,3.380288596,0.05461906569,0.910933035
4.03500,O-O,1.138120799,0.01493469318,1.395629357,0.02021936228,-0.2575085586
4.03500,O-H,1.069367032,0.009782700069,1.178728954,0.01028309567,-0.1093619219
4.04500,Si-O,2.567805837,0.00347926967,3.432535943,0.0523825643,-0.8647301062
4.04500,O-O,1.158346483,0.0156319673,1.467109186,0.0204435316,-0.3087627022
4.04500,O-H,1.066797726,0.00968336713,1.161700514,0.01071318054,-0.09490278847
4.05500,Si-O,1.707390007,0.003360467875,3.526573407,0.05394488577,-1.8191834
4.05500,O-O,0.8769247995,0.01583751635,1.444948621,0.02008406472,-0.5680238216
4.05500,O-H,1.061722452,0.009667841353,1.164701885,0.01061710929,-0.1029794331
4.06500,Si-O,3.391257739,0.004078808874,3.590991358,0.05481736154,-0.1997336193
4.06500,O-O,1.217423965,0.01595658869,1.465366776,0.02052560163,-0.2479428103
4.06500,O-H,1.073240983,0.009523669846,1.180994664,0.01006569461,-0.107753681
4.07500,Si-O,5.892191402,0.004220217684,3.584290642,0.05353384747,2.30790076
4.07500,O-O,1.165725384,0.01592252874,1.474613858,0.01932207899,-0.3088884738
4.07500,O-H,1.064684873,0.009618634214,1.154544098,0.01052415826,-0.08985922515
4.08500,Si-O,5.024680285,0.00378391001,3.707798456,0.0548427077,1.316881829
4.08500,O-O,1.219157146,0.01607352556,1.482662948,0.01952221051,-0.2635058024
4.08500,O-H,1.046805623,0.009530352584,1.159178594,0.01020487807,-0.1123729707
4.09500,Si-O,1.677519148,0.003676581117,3.849159035,0.0554839363,-2.171639887
4.09500,O-O,1.521800357,0.01666632039,1.493869951,0.02004068893,0.0279304057
4.09500,O-H,1.074417723,0.009531657541,1.153788645,0.01006297196,-0.07937092262
4.10500,Si-O,3.324663072,0.004088118402,3.715556841,0.05603783328,-0.3908937691
4.10500,O-O,1.512506071,0.01620664338,1.524649296,0.01976635583,-0.01214322448
4.10500,O-H,1.067873011,0.009649605012,1.158354362,0.009966702094,-0.09048135065
4.11500,Si-O,3.304411952,0.003457611932,3.946708053,0.05637264895,-0.6422961011
4.11500,O-O,2.074736074,0.01631899237,1.522081811,0.02119553436,0.5526542637
4.11500,O-H,1.04111749,0.00921402623,1.15910673,0.01019537893,-0.1179892399
4.12500,Si-O,0.01145787452,0.003040734499,4.108466436,0.05556580963,-4.097008561
4.12500,O-O,1.278471644,0.01646362637,1.51444373,0.01984078752,-0.2359720864
4.12500,O-H,1.068754612,0.009551126652,1.145150099,0.01040658737,-0.07639548702
4.13500,Si-O,6.532016506,0.003605794242,4.179838991,0.05742172891,2.352177515
4.13500,O-O,1.317240684,0.01638721507,1.537445668,0.01943612495,-0.2202049842
4.13500,O-H,1.055461313,0.009326620729,1.162278876,0.009928189817,-0.106817563
4.14500,Si-O,4.072156825,0.003922883347,4.196980103,0.05888742412,-0.1248232785
4.14500,O-O,1.304011223,0.01615477887,1.577411587,0.01999659108,-0.273400364
4.14500,O-H,1.07335682,0.009656194439,1.162100275,0.01005937979,-0.08874345485
4.15500,Si-O,4.8568032,0.003657487681,4.353457378,0.0581645159,0.5033458224
4.15500,O-O,1.829007531,0.01652230537,1.556658195,0.01983672918,0.2723493356
4.15500,O-H,1.073079155,0.009491516401,1.134755294,0.0097156653,-0.06167613889
4.16500,Si-O,8.848187788,0.003892921536,4.288424893,0.05644049465,4.559762896
4.16500,O-O,1.596375742,0.01661565205,1.573832505,0.02064016247,0.02254323708
4.16500,O-H,1.079952817,0.009225886466,1.15838324,0.01018243704,-0.07843042249
4.17500,Si-O,2.41278109,0.003713110322,4.287080572,0.05773394588,-1.874299482
4.17500,O-O,1.865527511,0.01645011491,1.584824449,0.02068237827,0.2807030628
4.17500,O-H,1.050520616,0.009270025945,1.146223027,0.01017046133,-0.09570241115
4.18500,Si-O,4.780265136,0.002737802456,4.387475552,0.05982814253,0.3927895837
4.18500,O-O,1.362544649,0.01662956922,1.573105569,0.02079242333,-0.2105609204
4.18500,O-H,1.054034404,0.009173711959,1.155190633,0.01030873292,-0.1011562297
4.19500,Si-O,2.394577693,0.003982228362,4.403775565,0.05813897857,-2.009197872
4.19500,O-O,1.863543906,0.01687509709,1.57440003,0.02007239503,0.2891438756
4.19500,O-H,1.081705013,0.009249105058,1.144731641,0.009885203224,-0.06302662832
